Ensembl;Gene_symbol;Chromosome;Start position;End position
ENST00000000233;ARF5;7;127588345;127591705
ENST00000000412;M6PR;12;8940365;8949955
ENST00000005257;RALA;7;39623483;39708124
ENST00000005340;DVL2;17;7225341;7234545
ENST00000007390;TSR3;16;1349240;1351911
ENST00000007516;NDUFAB1;16;23581002;23596356
ENST00000009589;RPS20;8;56072947;56074506
ENST00000011619;RANBP9;6;13621498;13711564
ENST00000011691;SS18L2;3;42590838;42594996
ENST00000012443;PPP5C;19;46346994;46390852
ENST00000022615;VDAC3;8;42391903;42405897
ENST00000023939;RTF2;20;56468585;56518886
ENST00000029410;B4GALT7;5;177600100;177610347
ENST00000037243;GABARAPL2;16;75566351;75577881
ENST00000053468;MRPS10;6;42206801;42217865
ENST00000054666;VAMP3;1;7771269;7781432
ENST00000054950;RCN1;11;32090904;32105755
ENST00000064778;FAM168A;11;73400487;73598189
ENST00000066544;CDC27;17;47117703;47189266
ENST00000084795;RPL18;19;48615331;48617884
ENST00000085079;EPN1;19;55675245;55695766
ENST00000156109;GPKOW;X;49113389;49123801
ENST00000159111;KDM4B;19;4969121;5153595
ENST00000162391;FOXJ2;12;8032703;8055503
ENST00000163416;GOLGA5;14;92794231;92839963
ENST00000164133;PPP2R5B;11;64924671;64934473
ENST00000170168;REXO1;19;1815246;1848463
ENST00000170447;MKRN2;3;12557014;12583713
ENST00000175091;LAPTM4A;2;20032650;20052028
ENST00000184266;NDUFB4;3;120596309;120602500
ENST00000185150;ERLEC1;2;53787080;53818819
ENST00000186436;TMEM131;2;97756340;97995891
ENST00000196061;PLOD1;1;11934753;11975537
ENST00000196551;RPS5;19;58387269;58394803
ENST00000198767;RRN3;16;15060022;15094317
ENST00000199320;DIMT1;5;62387254;62403933
ENST00000199389;EIF2AK1;7;6022244;6059230
ENST00000199706;MRPL28;16;367384;370527
ENST00000202834;TMEM230;20;5099840;5113103
ENST00000204549;PDCD7;15;65117379;65133836
ENST00000204679;GNPTG;16;1351923;1364113
ENST00000206020;SPAG7;17;4959228;4967872
ENST00000206380;TMEM101;17;44011191;44014977
ENST00000206451;PSME1;14;24136158;24138967
ENST00000210060;DHPS;19;12675721;12681902
ENST00000210313;PSMD5;9;120816053;120842984
ENST00000214869;TMED1;19;10832438;10836290
ENST00000215115;BCL7C;16;30887795;30894960
ENST00000215565;NDUFB7;19;14566078;14572062
ENST00000215570;TIMM13;19;2425624;2427894
ENST00000215574;CDC34;19;531712;542092
ENST00000215730;SNAP29;22;20858983;20891218
ENST00000215754;MIF;22;23894004;23895226
ENST00000215829;SNRPD3;22;24555503;24572772
ENST00000215832;MAPK1;22;21754500;21867629
ENST00000216029;CBY1;22;38656655;38673854
ENST00000216034;TOMM22;22;38681948;38685421
ENST00000216038;RTCB;22;32387582;32412255
ENST00000216039;JOSD1;22;38685543;38700667
ENST00000216044;GTPBP1;22;38705723;38733587
ENST00000216160;TAB1;22;39399741;39431882
ENST00000216181;MYH9;22;36281277;36388067
ENST00000216218;ST13;22;40824535;40857022
ENST00000216225;RBX1;22;40951359;40973309
ENST00000216252;PHF5A;22;41459717;41468725
ENST00000216259;PMM1;22;41576894;41589890
ENST00000216264;CERK;22;46684411;46738261
ENST00000216277;PAPOLA;14;96502373;96567111
ENST00000216373;SOS2;14;50117120;50231558
ENST00000216452;PIGH;14;67589311;67600287
ENST00000216455;PSMA3;14;58244831;58272007
ENST00000216479;AHSA1;14;77458030;77469474
ENST00000216727;PABPN1;14;23321289;23326185
ENST00000216802;PSME2;14;24143365;24147221
ENST00000216832;PNN;14;39175213;39183218
ENST00000216951;GSS;20;34928433;34955817
ENST00000217131;CTSZ;20;58995185;59007247
ENST00000217402;CHMP4B;20;33811304;33854366
ENST00000217426;AHCY;20;34280268;34303348
ENST00000217652;MYL12A;18;3247530;3256236
ENST00000217893;TAF9;5;69364745;69369642
ENST00000217901;IDH3G;X;153785766;153794523
ENST00000217958;PSMD10;X;108084207;108091618
ENST00000217971;PGRMC1;X;119236253;119244466
ENST00000218348;USP11;X;47232866;47248327
ENST00000218364;HTATSF1;X;136497511;136512346
ENST00000219139;C16orf70;16;67109988;67148539
ENST00000219204;ARL2BP;16;57245098;57253635
ENST00000219252;POLR2C;16;57462387;57472010
ENST00000219281;USB1;16;58001373;58021618
ENST00000219313;PSMD7;16;74296775;74306288
ENST00000219345;PLA2G15;16;68245344;68261062
ENST00000219548;STUB1;16;680276;682799
ENST00000219782;MAZ;16;29806596;29811164
ENST00000219797;KAT8;16;31117664;31131389
ENST00000220659;BRF2;8;37843268;37849904
ENST00000220849;EIF3E;8;108201743;108248765
ENST00000220853;EMC2;8;108443624;108486912
ENST00000221114;DCTN6;8;30156297;30183640
ENST00000221138;PPP2CB;8;30785610;30812872
ENST00000221200;KCTD9;8;25427847;25458467
ENST00000221265;PAF1;19;39385852;39391195
ENST00000221418;ECH1;19;38815422;38832005
ENST00000221448;SNRNP70;19;49085451;49108563
ENST00000221462;PPP1R37;19;45092962;45147285
ENST00000221494;SF3A2;19;2236504;2248679
ENST00000221561;AES;19;3052910;3063107
ENST00000221566;SGTA;19;2754714;2783371
ENST00000221665;FIZ1;19;55591371;55599527
ENST00000221859;POLR2I;19;36113710;36115346
ENST00000221922;CCDC9;19;47256459;47271953
ENST00000221975;RPS19;19;41860257;41871416
ENST00000222005;CDC37;19;10391134;10403533
ENST00000222008;RABAC1;19;41956681;41959390
ENST00000222190;WDR83OS;19;12668075;12669403
ENST00000222219;DNASE2;19;12875211;12881468
ENST00000222224;LENG1;19;54155161;54159882
ENST00000222247;RPL18A;19;17859876;17863316
ENST00000222284;TMEM147;19;35545595;35547526
ENST00000222305;USF2;19;35269065;35279812
ENST00000222307;KXD1;19;18557788;18569378
ENST00000222330;GSK3A;19;42230186;42242593
ENST00000222673;OGDH;7;44606639;44709066
ENST00000222690;H2AFV;7;44826791;44848077
ENST00000222969;BUD31;7;99408978;99419608
ENST00000223023;WASL;7;123681935;123749067
ENST00000223127;PLOD3;7;101205977;101217673
ENST00000223136;FIS1;7;101239612;101245085
ENST00000223321;PSMA2;7;42916857;42932223
ENST00000223324;MRPL32;7;42932200;42937857
ENST00000223369;YKT6;7;44201049;44214294
ENST00000223500;CHMP5;9;33264942;33281539
ENST00000223641;SEC61B;9;99222301;99230615
ENST00000224073;EDF1;9;136862119;136866286
ENST00000225298;UTP18;17;51260528;51297933
ENST00000225388;NUFIP2;17;29255836;29294118
ENST00000225430;RPL19;17;39200283;39204732
ENST00000225504;SUPT4H1;17;58345178;58352202
ENST00000225525;TAX1BP3;17;3662902;3668682
ENST00000225603;CBX1;17;48070052;48101521
ENST00000225655;PFN1;17;4945652;4949014
ENST00000225665;SLC25A11;17;4937130;4940251
ENST00000225726;CCDC47;17;63745250;63773775
ENST00000225737;AKAP10;17;19904302;19977837
ENST00000225972;LRRC59;17;50381238;50397553
ENST00000226225;TNFAIP1;17;28335704;28347009
ENST00000226798;FRG1;4;189940788;189963204
ENST00000227524;PRPF19;11;60890730;60906588
ENST00000228284;SART3;12;108522580;108561389
ENST00000228437;PRDM4;12;107732866;107761160
ENST00000228495;KCTD10;12;109448656;109477544
ENST00000228506;MLEC;12;120686869;120701864
ENST00000228515;CSRNP2;12;51061205;51083550
ENST00000228825;ARPC3;12;110434825;110450407
ENST00000228827;GPN3;12;110452484;110468266
ENST00000228872;CDKN1B;12;12717124;12722371
ENST00000229238;MRPL51;12;6491886;6493598
ENST00000229239;GAPDH;12;6533927;6538371
ENST00000229329;CMAS;12;22046174;22065663
ENST00000229340;RAB35;12;120095095;120116839
ENST00000229379;COX6A1;12;120438090;120440742
ENST00000229390;SRSF9;12;120461668;120469793
ENST00000229563;TMEM14C;6;10722975;10731129
ENST00000229633;HINT3;6;125956781;125980244
ENST00000229812;STK38;6;36493892;36547470
ENST00000229854;MCM3;6;52264009;52284751
ENST00000230050;RPS12;6;132814441;132817564
ENST00000230085;SNX3;6;108211222;108261260
ENST00000230431;DNPH1;6;43225629;43229484
ENST00000230449;EXOC2;6;485133;693111
ENST00000230461;TMEM30A;6;75252924;75284968
ENST00000230640;MTREX;5;55307760;55425581
ENST00000230859;TENT4A;5;6713007;6757048
ENST00000230895;DAP;5;10679230;10761272
ENST00000231238;TTC1;5;160009113;160065543
ENST00000231512;C5orf15;5;133955502;133968787
ENST00000232496;TUSC2;3;50324907;50328243
ENST00000232888;RRP9;3;51933430;51941941
ENST00000232905;EIF1B;3;40309684;40312424
ENST00000233055;WDFY1;2;223875347;223945387
ENST00000233084;DDX1;2;15591621;15631109
ENST00000233143;TMSB10;2;84905625;84906675
ENST00000233331;INO80B;2;74455023;74457960
ENST00000233468;SF3B6;2;24067584;24076443
ENST00000233575;SNX17;2;27370522;27377128
ENST00000233893;HSPE1;2;197499994;197503457
ENST00000234160;GORASP2;2;170928526;170967129
ENST00000234170;CEBPZ;2;37201612;37231713
ENST00000234301;COX7A2L;2;42350507;42361216
ENST00000234677;SARS;1;109213918;109238120
ENST00000234831;TMEM59;1;54026681;54053438
ENST00000234875;RPL22;1;6185020;6199612
ENST00000235332;MIIP;1;12019466;12032045
ENST00000235835;AKR7A2;1;19303965;19312146
ENST00000236051;EBNA1BP2;1;43164184;43172260
ENST00000236273;SYF2;1;25222679;25232493
ENST00000236671;CTSD;11;1752752;1763992
ENST00000237380;MED28;4;17614631;17634105
ENST00000237500;MYL12B;18;3261909;3278284
ENST00000237530;RPN2;20;37179046;37241623
ENST00000237654;CCNI;4;77047158;77076005
ENST00000237889;NDUFB3;2;201071739;201085750
ENST00000238081;YWHAQ;2;9583972;9631014
ENST00000238647;IRF2BPL;14;77024543;77028699
ENST00000238823;FAM98A;2;33583658;33599362
ENST00000239231;PANK3;5;168548495;168579600
ENST00000239666;PDZD11;X;70286595;70289979
ENST00000239878;UFM1;13;38349881;38363619
ENST00000239906;FAM53C;5;138338032;138349729
ENST00000239944;SERP1;3;150541994;150546641
ENST00000240079;WASHC3;12;102012939;102062124
ENST00000240185;TARDBP;1;11012400;11026420
ENST00000240304;LUC7L3;17;50719603;50752709
ENST00000241600;MRPS2;9;135500631;135504672
ENST00000242577;DYNLL1;12;120496056;120498493
ENST00000242719;RNF11;1;51236271;51273455
ENST00000242776;DDX39A;19;14408851;14419367
ENST00000242784;TRIR;19;12730640;12734775
ENST00000243563;SNRPA;19;40750859;40765389
ENST00000243918;SYS1;20;45363028;45369215
ENST00000243997;ATP5F1E;20;59025467;59032382
ENST00000244007;PLCG1;20;41136960;41175721
ENST00000244020;SRSF6;20;43457928;43464247
ENST00000244061;RNF114;20;49936348;49953892
ENST00000244230;MPHOSPH10;2;71130314;71150101
ENST00000244496;RRP36;6;43021645;43029597
ENST00000244520;SNRPC;6;34757406;34773794
ENST00000244711;MEA1;6;43012094;43013968
ENST00000245046;EMC3;3;9962537;9987120
ENST00000245458;RPS29;14;49583572;49586376
ENST00000245539;MRPS7;17;75261674;75266373
ENST00000245812;ALKBH7;19;6372433;6375251
ENST00000245816;CLPP;19;6361452;6368910
ENST00000245857;RPL23;17;38850081;38853428
ENST00000246024;TMX4;20;7977348;8019829
ENST00000246151;PITHD1;1;23778405;23788232
ENST00000246194;RALY;20;33993722;34080271
ENST00000246337;UROD;1;45012147;45015575
ENST00000246548;UBA2;19;34428363;34471251
ENST00000246554;COX6B1;19;35648223;35658861
ENST00000246747;ARL2;11;65014113;65022184
ENST00000246802;NOP53;19;47745522;47757058
ENST00000246868;SBDS;7;66987677;66995601
ENST00000247003;DDX49;19;18919675;18928627
ENST00000247026;NSRP1;17;30116781;30186475
ENST00000247161;ELK1;X;47635521;47650488
ENST00000247655;COX7C;5;86617904;86620962
ENST00000247866;NDUFB2;7;140696672;140706646
ENST00000247930;ZNF777;7;149431363;149461123
ENST00000247970;PIN1;19;9835323;9849682
ENST00000248342;EIF3K;19;38619097;38636955
ENST00000248378;EMC6;17;3668815;3669665
ENST00000248450;AAMP;2;218264123;218270257
ENST00000248451;PNKD;2;218270392;218272947
ENST00000248566;SEM1;7;96687951;96709891
ENST00000248594;PTPN12;7;77537275;77640071
ENST00000248879;DGCR6L;22;20314276;20320080
ENST00000248929;SGSM3;22;40370611;40410289
ENST00000249289;ATP6V1F;7;128862826;128865843
ENST00000249356;DNAJB9;7;108569568;108574850
ENST00000249442;MTX2;2;176269419;176338025
ENST00000250113;FXR2;17;7591230;7614867
ENST00000250405;BCL2L2;14;23306762;23311759
ENST00000250454;EAPP;14;34515929;34539710
ENST00000250495;NEDD8;14;24216852;24232454
ENST00000250498;DAD1;14;22564905;22589269
ENST00000250894;MAPK8IP3;16;1706183;1770317
ENST00000251047;LMAN1;18;59327823;59359962
ENST00000251241;DHX40;17;59565525;59608345
ENST00000251343;KHNYN;14;24429286;24441834
ENST00000251413;TUBG1;17;42609676;42615234
ENST00000251453;RPS16;19;39433207;39435948
ENST00000251527;ESYT2;7;158730995;158829628
ENST00000251636;DHX29;5;55256245;55307722
ENST00000251849;RAF1;3;12583601;12664226
ENST00000252102;NDUFA2;5;140645285;140647785
ENST00000252445;ELOF1;19;11553043;11559236
ENST00000252542;SAFB2;19;5586999;5622980
ENST00000252602;MRPL34;19;17305668;17306843
ENST00000252603;PGLS;19;17511629;17521288
ENST00000252699;ACTN4;19;38647670;38731583
ENST00000252816;LSM4;19;18306907;18323071
ENST00000253003;ADRM1;20;62302896;62308860
ENST00000253023;UBE2M;19;58555712;58558960
ENST00000253024;TRIM28;19;58544469;58550716
ENST00000253039;EIF2S3;X;24054716;24077971
ENST00000253108;EIF3G;19;10115017;10119902
ENST00000253329;PPIL4;6;149504733;149546038
ENST00000253413;ATP6V1E1;22;17592136;17628818
ENST00000253452;COX4I1;16;85799684;85807002
ENST00000253457;EMC8;16;85778624;85799540
ENST00000253686;MRPS25;3;15048518;15065335
ENST00000253699;RBSN;3;15070073;15099148
ENST00000253727;NR1H2;19;50376469;50382982
ENST00000253788;RPL27;17;42998419;43002959
ENST00000253794;VPS25;17;42773436;42779599
ENST00000254337;DCAF15;19;13952492;13961449
ENST00000254480;SMARCC1;3;47585272;47781917
ENST00000254616;TIMM10B;11;6481447;6484679
ENST00000254654;ILKAP;2;238170401;238203729
ENST00000254719;RPA1;17;1829984;1899554
ENST00000254730;EEFSEC;3;128153454;128408646
ENST00000254803;UTP3;4;70688479;70690551
ENST00000254806;WBP2;17;75845699;75855420
ENST00000254810;H3F3B;17;75776434;75779779
ENST00000254821;ZRANB2;1;71063337;71081011
ENST00000254928;ERAL1;17;28854938;28861067
ENST00000255174;OSER1;20;44196496;44210791
ENST00000255304;USPL1;13;30617783;30659549
ENST00000255608;BTBD2;19;1985438;2015724
ENST00000255641;CSNK1G2;19;1941149;1981338
ENST00000255764;MED10;5;6371881;6378594
ENST00000255977;MKRN1;7;140453040;140479569
ENST00000256015;BTG1;12;92140278;92145897
ENST00000256079;IPO8;12;30628988;30695986
ENST00000256255;SARAF;8;30063012;30083207
ENST00000256383;EIF2S1;14;67359997;67386516
ENST00000256429;MBD2;18;54151601;54224788
ENST00000256433;IER3IP1;18;47152834;47176374
ENST00000256441;MRPS36;5;69217760;69230129
ENST00000256496;ARL8B;3;5122220;5180911
ENST00000256545;EMC7;15;34084017;34101948
ENST00000256682;ARF3;12;48935723;48957551
ENST00000256689;SLC38A2;12;46358189;46372867
ENST00000256854;NARS;18;57600656;57622173
ENST00000257013;RTL8C;X;135032366;135033546
ENST00000257181;PRPF38A;1;52404564;52420839
ENST00000257245;TIMM10;11;57528463;57530765
ENST00000257663;TMEM60;7;77793728;77798580
ENST00000257787;AKIRIN2;6;87675072;87702209
ENST00000257829;NAT10;11;34105602;34146910
ENST00000257904;CDK4;12;57747727;57752521
ENST00000257966;OS9;12;57694145;57721555
ENST00000258083;PRADC1;2;73228006;73233228
ENST00000258105;MRPL53;2;74471958;74473322
ENST00000258198;DYNC1LI2;16;66720893;66751798
ENST00000258383;MRPL44;2;223957404;223967714
ENST00000258418;CAB39;2;230712845;230821075
ENST00000258424;COX5B;2;97646040;97648383
ENST00000258455;MRPS9;2;105037983;105099960
ENST00000258648;MED4;13;48075956;48095104
ENST00000258662;NUDT15;13;48037567;48047222
ENST00000258739;KDELR2;7;6461081;6484242
ENST00000258947;CALCOCO2;17;48830988;48865245
ENST00000258955;RSAD1;17;50478800;50485975
ENST00000258960;NMT1;17;45061312;45109009
ENST00000258963;VEZF1;17;57971547;57982864
ENST00000259050;MARCH7;2;159712499;159771027
ENST00000259339;TOR1B;9;129803153;129811281
ENST00000259457;PSMB7;9;124353466;124415439
ENST00000259512;DERL1;8;123013164;123042423
ENST00000259632;DCTN3;9;34613551;34620480
ENST00000259667;HINT2;9;35812960;35815021
ENST00000259963;FAM8A1;6;17600355;17611719
ENST00000260045;THAP12;11;76349956;76380942
ENST00000260102;MRPL15;8;54135210;54147901
ENST00000260210;BUD13;11;116748170;116772988
ENST00000260270;FDX1;11;110429883;110464881
ENST00000260379;RPLP1;15;69452784;69456194
ENST00000260443;RSL24D1;15;55180806;55197067
ENST00000260641;ACTR2;2;65227753;65271253
ENST00000260643;PREB;2;27130756;27134675
ENST00000260665;LRPPRC;2;43886508;43996005
ENST00000260818;DNAJC13;3;132417526;132539032
ENST00000260952;ASNSD1;2;189661420;189670831
ENST00000260956;SSB;2;169798812;169812064
ENST00000261070;COX17;3;119669271;119677403
ENST00000261167;WBP11;12;14784579;14803540
ENST00000261303;PSMC1;14;90256495;90275429
ENST00000261313;PEBP1;12;118135858;118145584
ENST00000261353;YPEL5;2;30146961;30160533
ENST00000261396;NUP133;1;229440260;229508341
ENST00000261427;UBE2K;4;39698044;39782792
ENST00000261461;PPP2R5A;1;212285537;212361863
ENST00000261479;PSMA6;14;35292357;35317474
ENST00000261574;IPO5;13;97953675;98024297
ENST00000261601;USP14;18;158608;214629
ENST00000261636;ARL1;12;101393120;101407820
ENST00000261658;BFAR;16;14632815;14669236
ENST00000261667;KPNA3;13;49699307;49792921
ENST00000261674;SFSWAP;12;131711089;131799737
ENST00000261700;RTRAF;14;51989475;52010691
ENST00000261712;PSMD11;17;32444261;32483318
ENST00000261716;TAOK1;17;29390600;29551904
ENST00000261721;BTBD1;15;83016422;83067354
ENST00000261735;ERP29;12;112013316;112023451
ENST00000261772;AARS;16;70252295;70289543
ENST00000261797;NDST1;5;150508112;150558211
ENST00000261798;CSNK1A1;5;149492197;149551397
ENST00000261813;PFDN1;5;140245039;140303121
ENST00000261868;EIF3J;15;44537057;44562803
ENST00000261884;TRIP4;15;64387804;64455303
ENST00000261890;RAB11A;15;65869458;65891991
ENST00000261942;FAF2;5;176448355;176510074
ENST00000261973;RBM25;14;73058436;73123898
ENST00000262013;SPAG9;17;50962174;51120865
ENST00000262033;PTGES3;12;56663343;56688300
ENST00000262056;EIF4B;12;53006158;53042209
ENST00000262061;COPZ1;12;54325127;54351849
ENST00000262077;NUP153;6;17615038;17706387
ENST00000262144;WDR59;16;74871367;74985148
ENST00000262177;DNAJB6;7;157336966;157417439
ENST00000262187;RHEB;7;151466012;151519924
ENST00000262193;PSMB1;6;170535117;170553341
ENST00000262213;TRAM1;8;70573442;70608369
ENST00000262225;TMED2;12;123584531;123598577
ENST00000262238;YY1;14;100238985;100282792
ENST00000262306;ELOB;16;2771414;2777277
ENST00000262319;TELO2;16;1493363;1510457
ENST00000262367;CREBBP;16;3725054;3880726
ENST00000262370;MGRN1;16;4624790;4690974
ENST00000262384;N4BP1;16;48538726;48610209
ENST00000262394;WSB1;17;27294080;27315926
ENST00000262455;ERP44;9;99979179;100099040
ENST00000262519;SETD1A;16;30957294;30984664
ENST00000262577;ZC3H3;8;143437655;143541453
ENST00000262584;RPL8;8;144789770;144792587
ENST00000262633;RBM42;19;35629049;35637686
ENST00000262644;IMPAD1;8;56957933;56993844
ENST00000262646;RAB2A;8;60516857;60623627
ENST00000262809;ELL;19;18442663;18522127
ENST00000262812;COPE;19;18899514;18919397
ENST00000262815;MAU2;19;19320681;19358755
ENST00000262919;ATRN;20;3471040;3651122
ENST00000262942;ARPC1A;7;99325910;99366257
ENST00000262947;MYDGF;19;4657545;4670370
ENST00000262948;MAP2K2;19;4090321;4124129
ENST00000262962;YJU2;19;4247079;4269090
ENST00000262971;PIAS4;19;4007646;4039386
ENST00000262990;ZNF330;4;141220887;141234697
ENST00000263025;MAPK3;16;30114105;30123294
ENST00000263168;CAPZA1;1;112619173;112671619
ENST00000263228;UBE2R2;9;33817567;33920404
ENST00000263238;ACTR3;2;113889960;113962596
ENST00000263239;DDX18;2;117814650;117832379
ENST00000263245;ARFGAP3;22;42796502;42857402
ENST00000263256;DESI1;22;41598028;41621096
ENST00000263270;AP2S1;19;46838167;46850992
ENST00000263280;STRN4;19;46719507;46746480
ENST00000263309;CLNS1A;11;77616195;77637751
ENST00000263346;TCF25;16;89873612;89911384
ENST00000263354;NAPA;19;47487637;47515240
ENST00000263377;BRD4;19;15235519;15280451
ENST00000263384;FAM32A;19;16185418;16192046
ENST00000263559;VPS26A;10;69124152;69172856
ENST00000263645;CD81;11;2377294;2397419
ENST00000263657;PNO1;2;68157844;68176238
ENST00000263672;SPCS2;11;74949247;74979031
ENST00000263697;DNAJC8;1;28200278;28233025
ENST00000263733;FAM20B;1;179025896;179076562
ENST00000263773;FNBP4;11;47716517;47767301
ENST00000263774;NDUFS3;11;47579010;47584562
ENST00000263780;CHMP2B;3;87227285;87255499
ENST00000263847;OSBP;11;59574398;59616144
ENST00000263856;CHMP3;2;86503431;86563477
ENST00000263897;USE1;19;17215359;17219829
ENST00000263956;GTF3C3;2;196763032;196799701
ENST00000263960;COQ10B;2;197453423;197475308
ENST00000264108;HAT1;2;171922465;171983682
ENST00000264158;RAB3GAP1;2;135052265;135170706
ENST00000264161;DARS;2;135906677;135985684
ENST00000264198;MUL1;1;20499448;20508161
ENST00000264255;TXNDC9;2;99318982;99336462
ENST00000264258;RPL31;2;101001715;101007267
ENST00000264279;NOP58;2;202265716;202303666
ENST00000264335;YWHAE;17;1344272;1400378
ENST00000264389;COPS4;4;83035090;83075818
ENST00000264431;RAPGEF2;4;159267737;159360169
ENST00000264451;SLC30A9;4;41990472;42090457
ENST00000264555;PHRF1;11;576486;612222
ENST00000264639;PSMD3;17;39980797;39997960
ENST00000264645;CASC3;17;40140323;40172183
ENST00000264657;STAT3;17;42313324;42388568
ENST00000264933;PDCD6;5;271621;314974
ENST00000264954;GRPEL1;4;7058906;7068197
ENST00000264963;LMAN2L;2;96705929;96740063
ENST00000264993;CDV3;3;133573730;133590261
ENST00000264995;MRPL3;3;131462212;131502969
ENST00000265028;DNAJB11;3;186570678;186585799
ENST00000265044;SSR3;3;156540140;156555184
ENST00000265062;RAB7A;3;128726122;128814796
ENST00000265070;GOLPH3;5;32124704;32174350
ENST00000265073;SUB1;5;32585499;32604079
ENST00000265093;ATP6V0E1;5;172983816;173034892
ENST00000265175;SEC24B;4;109433815;109540896
ENST00000265192;PAIP2;5;139341832;139369698
ENST00000265245;LSG1;3;194640788;194672477
ENST00000265339;UBE2B;5;134371179;134391992
ENST00000265343;AFF4;5;132875379;132963634
ENST00000265462;PRDX5;11;64318088;64321811
ENST00000265563;PRKAR2A;3;48746579;48847846
ENST00000265758;BUD23;7;73683568;73698212
ENST00000265857;GET4;7;876552;896434
ENST00000265866;HNRNPH3;10;68332075;68343187
ENST00000265909;SNX19;11;130875436;130916509
ENST00000266025;TMEM115;3;50354749;50359610
ENST00000266027;GNAI2;3;50230776;50259339
ENST00000266069;GID8;20;62938119;62948475
ENST00000266079;PRPF6;20;63981135;64033100
ENST00000266529;ZCRB1;12;42312078;42326105
ENST00000266735;SNRPF;12;95858928;95867053
ENST00000267103;C12orf10;12;53299686;53307158
ENST00000267115;TMBIM6;12;49741557;49764933
ENST00000267116;ANKRD52;12;56237807;56258391
ENST00000267197;SETD1B;12;121804738;121830239
ENST00000267202;VPS37B;12;122865328;122896444
ENST00000267339;ANKRD10;13;110878540;110915069
ENST00000267425;NOP9;14;24299862;24309124
ENST00000267750;EMC4;15;34224999;34230156
ENST00000267812;MFAP1;15;43804492;43824802
ENST00000267884;SRP14;15;40035739;40039188
ENST00000268171;FURIN;15;90868592;90883458
ENST00000268482;DHX38;16;72093562;72112912
ENST00000268607;MAP1LC3B;16;87391800;87404779
ENST00000268668;NDUFB10;16;1959508;1961975
ENST00000268704;SPG7;16;89508410;89557744
ENST00000268711;MED9;17;17476986;17493226
ENST00000268802;NOB1;16;69741867;69754940
ENST00000269143;AFG3L2;18;12328944;12377314
ENST00000269187;SLC39A6;18;36108532;36129318
ENST00000269195;GALNT1;18;35654560;35711834
ENST00000269321;ARHGDIA;17;81867721;81871406
ENST00000269349;EIF4A3;17;80135214;80147183
ENST00000269373;FN3KRP;17;82716683;82728017
ENST00000269886;SH3GL1;19;4360370;4400547
ENST00000269967;CCDC97;19;41310189;41324883
ENST00000270142;SOD1;21;31659622;31668931
ENST00000270517;ECSIT;19;11505916;11529174
ENST00000270586;PSMB6;17;4796144;4798503
ENST00000270625;RPS11;19;49496374;49499689
ENST00000271373;MPC2;1;167918068;167937040
ENST00000271526;PRCC;1;156767500;156800817
ENST00000271628;SF3B4;1;149923317;149928344
ENST00000271690;ENSA;1;150623281;150629577
ENST00000271764;EIF2D;1;206591642;206612459
ENST00000271843;JTB;1;153974269;153977688
ENST00000272065;ACP1;2;264872;278283
ENST00000272102;ARF1;1;228082660;228099212
ENST00000272217;ARL8A;1;202133404;202144741
ENST00000272227;PDIA6;2;10783391;10812844
ENST00000272317;RPS27A;2;55232402;55235853
ENST00000272348;SNRPG;2;70281362;70293771
ENST00000272418;MRPS5;2;95087207;95122000
ENST00000272438;TEX261;2;70985938;70994945
ENST00000272444;DUSP11;2;73762184;73780157
ENST00000272930;UBE2F;2;237966955;238042595
ENST00000273047;RAB5A;3;19947079;19985175
ENST00000273062;CTDSP1;2;218399755;218405941
ENST00000273130;DYNC1LI1;3;32525971;32570874
ENST00000273156;SEC22C;3;42547971;42582028
ENST00000273158;SLC25A38;3;39383324;39397351
ENST00000273221;IQSEC1;3;12897220;12967668
ENST00000273223;RPL32;3;12836047;12841546
ENST00000273258;ARL6IP5;3;69084944;69106066
ENST00000273480;RNF7;3;141738204;141747560
ENST00000273590;TCTA;3;49412206;49416475
ENST00000273968;PYURF;4;88520985;88523813
ENST00000274065;RPS3A;4;151099573;151104652
ENST00000274137;NDUFS6;5;1801400;1816605
ENST00000274242;RPL37;5;40825262;40835335
ENST00000274606;NHP2;5;178149460;178153967
ENST00000274712;ZMAT2;5;140700334;140706676
ENST00000274787;HIGD2A;5;176388747;176389771
ENST00000274811;RNF44;5;176526697;176537420
ENST00000274813;MUT;6;49430360;49463191
ENST00000275603;CCT6A;7;56051630;56063989
ENST00000275732;GIGYF1;7;100679507;100689448
ENST00000276062;NDUFB11;X;47142220;47145038
ENST00000276079;NONO;X;71283583;71301168
ENST00000276390;ATP6V1B2;8;20197367;20221701
ENST00000276569;ARMC1;8;65602456;65634207
ENST00000276585;MRPS28;8;79918717;80030271
ENST00000276682;EIF3H;8;116644833;116766255
ENST00000276689;NDUFB9;8;124539103;124549979
ENST00000278100;BCCIP;10;125823546;125836553
ENST00000278353;HSD17B12;11;43680558;43856610
ENST00000278412;SSRP1;11;57325985;57335877
ENST00000278422;TMX2;11;57712607;57740973
ENST00000278618;AASDHPPT;11;106077489;106098710
ENST00000278671;LAMTOR1;11;72097292;72103387
ENST00000279068;LSM14B;20;62122507;62135378
ENST00000279146;AIP;11;67483041;67491103
ENST00000279242;MRPL49;11;65122328;65127371
ENST00000279281;VPS51;11;65096159;65111860
ENST00000279394;TAOK2;16;29974281;29992261
ENST00000280557;DENR;12;122752774;122771064
ENST00000281031;NDUFC2;11;78068304;78080219
ENST00000281141;CDC123;10;12195966;12250588
ENST00000281187;VPS26B;11;134224645;134247792
ENST00000281871;MZT2B;2;130181928;130190727
ENST00000282032;ARL14EP;11;30323051;30338227
ENST00000282344;USP12;13;27066142;27171896
ENST00000282892;MED21;12;27022550;27029749
ENST00000282999;SRP19;5;112861305;112867935
ENST00000283027;NUBP1;16;10743845;10769351
ENST00000283131;SMARCA5;4;143513463;143557486
ENST00000283179;HNRNPU;1;244853752;244864494
ENST00000283195;RANBP2;2;108719481;108785811
ENST00000283290;ATG3;3;112532509;112561963
ENST00000283534;TMEM251;14;93184951;93187086
ENST00000283632;RMND5A;2;86720173;86778041
ENST00000283646;RPIA;2;88691644;88750935
ENST00000283882;CFDP1;16;75293710;75433485
ENST00000283943;TRIP12;2;229763838;229922009
ENST00000284320;TOMM70;3;100363431;100401398
ENST00000284971;ATP5PF;21;25724480;25734972
ENST00000285021;XPC;3;14145147;14178783
ENST00000285071;FLCN;17;17212212;17237139
ENST00000285243;ANKRD40;17;50693190;50707924
ENST00000285298;MRPS17;7;55951819;55956501
ENST00000285737;LONP2;16;48244296;48357349
ENST00000285814;NIFK;2;121726945;121736923
ENST00000286428;VBP1;X;155216366;155239817
ENST00000286760;WHAMM;15;82809628;82836108
ENST00000286953;ATP5MPL;14;103912288;103921557
ENST00000287038;RPL30;8;98041721;98045590
ENST00000287468;FBRS;16;30664457;30670810
ENST00000287600;PDE6D;2;231732425;231781309
ENST00000287844;ABCF2;7;151212490;151227230
ENST00000287859;ODR4;1;186375869;186421378
ENST00000287957;GATAD1;7;92447448;92459432
ENST00000288266;APPL1;3;57227737;57273468
ENST00000288532;COQ5;12;120503274;120529182
ENST00000288937;MRPL17;11;6680782;6683401
ENST00000289228;ACTR1B;2;97655963;97664107
ENST00000289371;EIF5B;2;99337353;99401326
ENST00000289382;CNOT11;2;101252802;101270316
ENST00000289816;ZNF276;16;89720985;89740903
ENST00000290158;KPNB1;17;47649838;47685505
ENST00000290231;NCOA5;20;46060985;46089952
ENST00000290291;OGFR;20;62804835;62814000
ENST00000290299;ATP5PO;21;33903453;33915980
ENST00000290541;PSMB4;1;151399534;151401944
ENST00000290649;AMFR;16;56361452;56425538
ENST00000290949;ATP6V0D1;16;67438019;67481237
ENST00000291386;SSU72;1;1541673;1574869
ENST00000291442;NR2F6;19;17231883;17245940
ENST00000291552;U2AF1;21;43092956;43107587
ENST00000291572;AGPAT3;21;43865186;43986536
ENST00000291576;PWP2;21;44107290;44131181
ENST00000291577;GATD3A;21;44133605;44145723
ENST00000291900;ZER1;9;128729786;128771893
ENST00000292123;SAFB;19;5623099;5668478
ENST00000292211;UBE2Q1;1;154548577;154558633
ENST00000292314;CCDC12;3;46921731;46982010
ENST00000292363;RNF126;19;647526;663277
ENST00000292431;NACC1;19;13118337;13141141
ENST00000292494;LY6E;8;143018482;143022412
ENST00000292524;LRRC14;8;144518007;144525178
ENST00000292562;ZNF251;8;144721129;144755605
ENST00000292577;ABHD17A;19;1876810;1885547
ENST00000292599;MAML1;5;179732850;179777286
ENST00000292614;POLR2J;7;102473118;102478907
ENST00000292807;AP2M1;3;184174855;184184091
ENST00000292823;PCYT1A;3;196234368;196287713
ENST00000293217;ACOX1;17;75941507;75979363
ENST00000293328;STAT5B;17;42199168;42276406
ENST00000293362;PSME3;17;42833471;42843757
ENST00000293406;LSM12;17;44034636;44066735
ENST00000293777;MED11;17;4731434;4733610
ENST00000293842;RPL26;17;8377516;8383250
ENST00000294172;NXF1;11;62792126;62805492
ENST00000294179;STX5;11;62806897;62832088
ENST00000294189;RPL29;3;51993600;51995942
ENST00000294258;ZFPL1;11;65084235;65088400
ENST00000294353;ZYG11B;1;52726509;52827342
ENST00000294360;C1orf123;1;53214099;53220617
ENST00000295087;ARL5A;2;151798802;151828488
ENST00000295317;RNF149;2;101276091;101308696
ENST00000295321;IWS1;2;127480806;127526468
ENST00000295470;HNRNPDL;4;82422564;82429866
ENST00000295682;KRTCAP2;1;155169408;155173333
ENST00000295702;SSR2;1;156009048;156020959
ENST00000295770;STT3B;3;31532790;31637622
ENST00000295899;THOC7;3;63833870;63863903
ENST00000295901;PSMD6;3;64010549;64023560
ENST00000295955;RPL9;4;39454124;39458948
ENST00000296102;MRPL33;2;27771717;27779741
ENST00000296255;RPN1;3;128619970;128650849
ENST00000296257;SENP2;3;185586174;185633551
ENST00000296412;ADH5;4;99070978;99088751
ENST00000296424;BDH2;4;103079435;103099883
ENST00000296456;APEH;3;49674002;49683963
ENST00000296490;WDR82;3;52254421;52278643
ENST00000296577;ABCE1;4;145097932;145129179
ENST00000296582;TMEM184C;4;147617383;147636721
ENST00000296597;NDUFAF2;5;60945129;61153037
ENST00000296802;NSA2;5;74766991;74776910
ENST00000297071;TRA2A;7;23504780;23532041
ENST00000297151;SLU7;5;160401641;160419394
ENST00000297156;CAMLG;5;134738501;134752160
ENST00000297157;RP9;7;33094797;33109390
ENST00000297185;HSPA9;5;138555335;138575401
ENST00000297290;BRI3;7;98281675;98291524
ENST00000297338;RAD21;8;116845935;116874866
ENST00000298130;SPTSSA;14;34432789;34462356
ENST00000298289;RPL36AL;14;49618519;49620685
ENST00000298299;ZNF22;10;45000475;45005326
ENST00000298585;ZMYND19;9;137582079;137590490
ENST00000298818;ISCA2;14;74493756;74495366
ENST00000298894;MOAP1;14;93182196;93184928
ENST00000299166;NDUFB8;10;100523740;100529864
ENST00000299299;PCBD1;10;70883510;70888784
ENST00000299300;CCT2;12;69585334;69601570
ENST00000299424;TAF10;11;6610842;6612667
ENST00000299427;TPP1;11;6612763;6619485
ENST00000299608;TMX3;18;68673688;68715298
ENST00000299767;HSP90B1;12;103930334;103947926
ENST00000299980;AP1G1;16;71729000;71809201
ENST00000300026;PPIB;15;64155812;64163205
ENST00000300030;CIAO2A;15;64072559;64094018
ENST00000300086;TERF2IP;16;75647786;75657432
ENST00000300107;CLPX;15;65148219;65185342
ENST00000300146;PATL1;11;59636716;59668980
ENST00000300151;MRPL16;11;59806135;59810872
ENST00000300181;TSC22D4;7;100466519;100479279
ENST00000300289;PDIA3;15;43746392;43773279
ENST00000300291;NUDT21;16;56429133;56451375
ENST00000300408;PHB;17;49404052;49414880
ENST00000300452;COQ4;9;128322536;128334072
ENST00000300648;GCN1;12;120127203;120194710
ENST00000300688;ATP5MG;11;118401154;118409851
ENST00000300737;STIM1;11;3855702;4093209
ENST00000300933;TPM4;19;16076306;16103005
ENST00000301011;ZC3H18;16;88570381;88631966
ENST00000301281;UBXN6;19;4445006;4457822
ENST00000301364;TSR1;17;2322503;2337507
ENST00000301458;CD320;19;8302127;8308355
ENST00000301463;SPRYD3;12;53064316;53079420
ENST00000301488;CDK2AP2;11;67506497;67508631
ENST00000301522;PRDX2;19;12796820;12801859
ENST00000301585;MRPL58;17;75012674;75021261
ENST00000301587;ATP5PD;17;75038863;75046963
ENST00000301678;FAM234A;16;234846;266120
ENST00000301686;METTL26;16;634430;636302
ENST00000301727;E4F1;16;2223566;2235742
ENST00000301738;KCTD5;16;2682475;2709030
ENST00000301740;SRRM2;16;2752329;2771412
ENST00000301764;DDB1;11;61299451;61333366
ENST00000301765;VPS37C;11;61130256;61161617
ENST00000301785;HNRNPUL2;11;62712630;62727472
ENST00000301821;RPSA;3;39406689;39412542
ENST00000301935;UBXN1;11;62676498;62679090
ENST00000301964;TADA3;3;9779860;9792747
ENST00000302165;IRF2BP1;19;45883607;45886170
ENST00000302174;NUDT9;4;87422582;87458345
ENST00000302182;UBB;17;16380799;16382740
ENST00000302243;DDX19A;16;70346829;70373383
ENST00000302362;COPRS;17;31851864;31859337
ENST00000302386;GABARAP;17;7240014;7242770
ENST00000302392;TMEM42;3;44861869;44865670
ENST00000302418;KIF5B;10;32009010;32056431
ENST00000302422;TMEM256;17;7402975;7404137
ENST00000302424;TRIM8;10;102644495;102658262
ENST00000302445;KARS;16;75627724;75647679
ENST00000302503;MTCH2;11;47617316;47642623
ENST00000302631;SCAMP3;1;155255979;155262259
ENST00000302787;LETM1;4;1811479;1856247
ENST00000302907;RPS9;19;54200742;54207647
ENST00000303127;LMAN2;5;177331562;177351852
ENST00000303151;POP7;7;100706053;100707495
ENST00000303305;PA2G4;12;56104319;56113861
ENST00000303319;MMADHC;2;149569634;149587816
ENST00000303400;MAEA;4;1289851;1340137
ENST00000303407;BRD3;9;134030305;134068017
ENST00000303436;ARF4;3;57571363;57597408
ENST00000303538;PDS5A;4;39822863;39977956
ENST00000303545;RNF139;8;124474738;124487914
ENST00000303575;TMED10;14;75131470;75176631
ENST00000303577;PCBP1;2;70087454;70089203
ENST00000303596;THAP11;16;67842082;67844195
ENST00000303731;TRAPPC1;17;7930349;7931945
ENST00000303961;EGLN2;19;40799187;40808432
ENST00000304043;HINT1;5;131159027;131165485
ENST00000304056;KBTBD2;7;32868172;32891897
ENST00000304191;RAMAC;15;82986207;82991057
ENST00000304301;NUDT16L1;16;4693694;4695859
ENST00000304312;ATP5ME;4;672436;674338
ENST00000304414;ARL6IP1;16;18791667;18801678
ENST00000304478;MRM3;17;782273;792509
ENST00000304786;SRP9;1;225777829;225790466
ENST00000304800;TMEM208;16;67227113;67229278
ENST00000304858;HSPA4;5;133051962;133106449
ENST00000304921;RPS7;2;3575205;3580920
ENST00000304979;PPIH;1;42658425;42676758
ENST00000304992;PRPF8;17;1650629;1684882
ENST00000305105;ZNHIT1;7;101217668;101224190
ENST00000305218;STIP1;11;64186115;64204543
ENST00000305533;TWF2;3;52228610;52239260
ENST00000305536;RBMX2;X;130401969;130413343
ENST00000305596;CD2BP2;16;30350766;30355361
ENST00000305786;CYCS;7;25120091;25125361
ENST00000305943;RNF187;1;228487061;228495766
ENST00000305978;SCAND1;20;35953617;35954626
ENST00000306024;LSM3;3;14178358;14201119
ENST00000306058;ASXL1;20;32359747;32439318
ENST00000306077;TMEM43;3;14124940;14143679
ENST00000306193;CBR4;4;168987590;169010258
ENST00000306368;RNF181;2;85595734;85597581
ENST00000306384;VAMP5;2;85584408;85593412
ENST00000306562;ZNF672;1;248838280;248849517
ENST00000306585;CHTF8;16;69118010;69120570
ENST00000306739;ASPSCR1;17;81977550;82017406
ENST00000306802;KIAA1109;4;122324464;122362752
ENST00000306917;FEM1B;15;68277803;68295865
ENST00000307102;MAP2K1;15;66386817;66492312
ENST00000307149;COG7;16;23388493;23453180
ENST00000307630;YWHAG;7;76326794;76359031
ENST00000307720;PPID;4;158709134;158723396
ENST00000307768;JAGN1;3;9890572;9894349
ENST00000307771;ZRSR2;X;15790472;15823260
ENST00000307961;RPL4;15;66498015;66504883
ENST00000308020;PTDSS2;11;450280;491387
ENST00000308025;DDX23;12;48829764;48852163
ENST00000308110;MUS81;11;65860405;65866439
ENST00000308162;CFL1;11;65854837;65858333
ENST00000308271;USP48;1;21678579;21783606
ENST00000308436;TUT1;11;62575045;62591637
ENST00000308595;GRK2;11;67266410;67286556
ENST00000308677;PRKACA;19;14091688;14117744
ENST00000308683;ZNF622;5;16451519;16465792
ENST00000308696;PSMD1;2;231056864;231172827
ENST00000308775;DAG1;3;49470132;49535615
ENST00000308824;PCMTD2;20;64255768;64276230
ENST00000308961;NDUFA11;19;5894677;5903756
ENST00000308982;ACAD9;3;128879611;128913114
ENST00000309032;BAD;11;64269834;64284669
ENST00000309100;MAP3K11;11;65597755;65614242
ENST00000309117;VPS26C;21;37223420;37267532
ENST00000309137;FAM192A;16;57152466;57186064
ENST00000309244;ETFB;19;51345171;51366418
ENST00000309268;EEF1A1;6;73517515;73521588
ENST00000309311;EEF2;19;3976056;3985469
ENST00000309318;PPP1R14B;11;64244484;64246941
ENST00000309324;C19orf70;19;5678422;5680896
ENST00000309328;SSSCA1;11;65570430;65571770
ENST00000309352;MRPL38;17;75898643;75905413
ENST00000309422;VEGFB;11;64234538;64238793
ENST00000309428;RETREG3;17;42579515;42609384
ENST00000309534;CGGBP1;3;88051944;88059048
ENST00000309579;ATP5MD;10;103389050;103396466
ENST00000309594;MRPL57;13;21176645;21179084
ENST00000309859;GGA2;16;23463542;23510494
ENST00000309971;GLE1;9;128504700;128542288
ENST00000309993;MSL2;3;136148922;136195846
ENST00000310074;TADA2B;4;7043391;7057952
ENST00000310137;RBM14;11;66616582;66627347
ENST00000310300;LRCH4;7;100574660;100586153
ENST00000310331;EIF4EBP3;5;140547666;140549578
ENST00000310430;TNKS;8;9555914;9782346
ENST00000310653;RAB6A;11;73675638;73761137
ENST00000310864;IQCB1;3;121769763;121835079
ENST00000311086;BOD1;5;173607514;173616660
ENST00000311111;RPL38;17;74203653;74210655
ENST00000311128;DENND6A;3;57625457;57693089
ENST00000311141;ZFYVE21;14;103715808;103733662
ENST00000311181;B4GAT1;11;66345372;66347692
ENST00000311212;ZNF706;8;101197052;101205616
ENST00000311351;LSM1;8;38163321;38176716
ENST00000311481;RAB1B;11;66268533;66277492
ENST00000311502;RABL6;9;136807961;136841187
ENST00000311549;RPL21;13;27251309;27256568
ENST00000311672;UQCRH;1;46303631;46316776
ENST00000311772;PPP1R8;1;27830778;27851676
ENST00000311806;OXSR1;3;38165505;38255488
ENST00000311893;ISCU;12;108562601;108569384
ENST00000311936;KRAS;12;25204789;25250931
ENST00000311956;ARHGAP1;11;46677080;46700599
ENST00000312239;HP1BP3;1;20742661;20786688
ENST00000312397;SART1;11;65961689;65979828
ENST00000312469;H2AFY;5;135334410;135399211
ENST00000312475;MRPL46;15;88459476;88467419
ENST00000312515;DRAP1;11;65919257;65921561
ENST00000312547;CHMP2A;19;58551566;58555124
ENST00000312579;CCDC85B;11;65890112;65891635
ENST00000312637;FAM174A;5;100535305;100586741
ENST00000312726;GUK1;1;228140290;228148946
ENST00000312865;MED25;19;49818289;49836979
ENST00000312916;AGGF1;5;77030385;77065234
ENST00000312960;SIAH2;3;150741127;150763377
ENST00000313115;ATOX1;5;151742823;151758649
ENST00000313143;DVL3;3;184155402;184173611
ENST00000313324;FAM220A;7;6329409;6348959
ENST00000313368;TAF7;5;141318488;141320821
ENST00000313468;NDUFS8;11;68030627;68036644
ENST00000313601;GNAI2;3;50235952;50259355
ENST00000313732;ZDHHC7;16;84974181;85011535
ENST00000313843;STX4;16;31033491;31040168
ENST00000314028;CSNK1D;17;82242667;82273731
ENST00000314133;COX8A;11;63974607;63976543
ENST00000314485;IGSF8;1;160091340;160098689
ENST00000314606;FARSA;19;12922480;12933715
ENST00000314616;SUPT6H;17;28662091;28702684
ENST00000314761;WDR75;2;189441433;189475565
ENST00000314797;COPG1;3;129249606;129277773
ENST00000314852;IMP3;15;75639085;75648706
ENST00000314940;HNRNPA0;5;137745651;137754376
ENST00000315082;RHOT2;16;668086;674174
ENST00000315091;TARDBP;1;11013716;11024183
ENST00000315127;EDC3;15;74630558;74696043
ENST00000315377;RPS6;9;19376285;19380198
ENST00000315436;WSB2;12;118032907;118061190
ENST00000315588;MED29;19;39391311;39400637
ENST00000315717;ARPC2;2;218217094;218254348
ENST00000315732;LSM10;1;36393430;36397892
ENST00000315758;MDH2;7;76048067;76067508
ENST00000315869;TFE3;X;49028731;49043486
ENST00000315872;ROCK2;2;11179761;11344585
ENST00000315970;OS9;12;57694121;57721555
ENST00000316052;EXOSC4;8;144078626;144080647
ENST00000316059;ZFP91;11;58579111;58621042
ENST00000316084;RPS4X;X;72272042;72277300
ENST00000316157;LARP4B;10;809542;885762
ENST00000316448;CALR;19;12938607;12944489
ENST00000316509;VAMP2;17;8159149;8162975
ENST00000316594;HNRNPH2;X;101408295;101414133
ENST00000316804;GRB2;17;75318076;75405653
ENST00000316939;GADD45GIP1;19;12953119;12957236
ENST00000317058;SGF29;16;28553926;28591790
ENST00000317089;DNAJA2;16;46955362;46973788
ENST00000317204;TOLLIP;11;1274371;1309622
ENST00000317506;RANBP10;16;67723066;67806652
ENST00000317534;MRPS24;7;43866558;43869557
ENST00000317881;SLC25A5;X;119468400;119471319
ENST00000317897;MAGEF1;3;184710367;184712002
ENST00000318006;VPS39;15;42158701;42208316
ENST00000318008;LASP1;17;38869859;38921770
ENST00000318037;RNF168;3;196468783;196503768
ENST00000318158;GRHPR;9;37422666;37436990
ENST00000318607;PABPC1;8;100702916;100722712
ENST00000318911;CYC1;8;144095027;144097525
ENST00000319006;TALDO1;11;747329;765024
ENST00000319223;LRRC42;1;53946353;53968168
ENST00000319248;PRDX1;1;45511047;45521956
ENST00000319285;DCTPP1;16;30423619;30430075
ENST00000319380;UBE2O;17;76389451;76453206
ENST00000319725;FUBP3;9;130579606;130638352
ENST00000319769;B4GALT3;1;161171310;161177485
ENST00000319863;GATD1;11;767225;777484
ENST00000319942;RABGGTB;1;75786201;75795079
ENST00000320580;PACS1;11;66070454;66244747
ENST00000320676;RBMX;X;136873461;136880725
ENST00000320776;BLOC1S4;4;6716055;6717671
ENST00000320805;NFATC2IP;16;28950937;28967097
ENST00000320848;MRFAP1L1;4;6707701;6709880
ENST00000320849;AAR2;20;36236465;36256933
ENST00000320895;CLPTM1L;5;1317744;1345099
ENST00000321153;RPLP2;11;809647;812875
ENST00000321256;NCBP2;3;196935407;196942597
ENST00000321265;NUDC;1;26921726;26946862
ENST00000321301;TOMM5;9;37588413;37592642
ENST00000321331;HIGD1A;3;42784298;42804531
ENST00000321358;YBX1;1;42682427;42702349
ENST00000321394;TCP1;6;159778498;159789749
ENST00000321685;DNAJC4;11;64230278;64234281
ENST00000321867;ULK1;12;131894651;131923167
ENST00000322028;POLR2L;11;839721;842545
ENST00000322030;SET;9;128689226;128696388
ENST00000322157;NPEPPS;17;47531064;47623276
ENST00000322203;RPL10A;6;35468408;35470785
ENST00000322213;SMC1A;X;53374149;53422728
ENST00000322310;SSNA1;9;137188647;137190370
ENST00000322357;ZBTB7A;19;4044364;4066945
ENST00000322428;MAF1;8;144104499;144107611
ENST00000322535;SF3B2;11;66052336;66068911
ENST00000322623;RUVBL1;3;128080960;128123824
ENST00000322716;EPM2AIP1;3;36985043;36993168
ENST00000322723;NCL;2;231453531;231464594
ENST00000322897;NAPG;18;10526034;10552760
ENST00000322940;FAM206A;9;108934181;108940968
ENST00000322989;RPS15A;16;18781295;18790334
ENST00000323013;RRP7A;22;42509968;42519802
ENST00000323146;SLC35A4;5;140564456;140569103
ENST00000323345;RPL7A;9;133348214;133351426
ENST00000323460;SENP5;3;196867856;196934714
ENST00000323699;DEGS1;1;224183171;224193441
ENST00000323701;USP39;2;85616186;85649277
ENST00000323848;SRRM1;1;24643012;24673267
ENST00000323927;ANAPC2;9;137174784;137188537
ENST00000324306;ZKSCAN1;7;100015581;100041689
ENST00000324545;USP9X;X;41085635;41236579
ENST00000324679;SAV1;14;50633636;50668331
ENST00000324684;PRPSAP1;17;76310934;76354198
ENST00000324856;ARID1A;1;26696033;26782110
ENST00000324862;PRPF3;1;150321476;150353195
ENST00000325167;CHMP6;17;80991841;81000133
ENST00000325222;CUL1;7;148698912;148801036
ENST00000325285;FBXW5;9;136940435;136944650
ENST00000325301;MIEF1;22;39502353;39518132
ENST00000325495;HNRNPM;19;8444958;8489114
ENST00000325722;KIAA0319L;1;35433490;35557413
ENST00000325748;PRKRA;2;178431414;178451231
ENST00000325954;RNF10;12;120534351;120577594
ENST00000325974;CCZ1;7;5898734;5925974
ENST00000326005;OAZ2;15;64687573;64703281
ENST00000326019;SLC4A1AP;2;27663471;27694969
ENST00000326181;TRAF7;16;2155765;2178129
ENST00000326199;RPS10;6;34417454;34426125
ENST00000326764;LENG8;19;54448887;54462037
ENST00000326873;STK11;19;1206464;1228435
ENST00000326925;NDUFAF3;3;49021011;49023495
ENST00000327044;NOC2L;1;944204;959290
ENST00000327141;AES;19;3053162;3062557
ENST00000327158;TIMM22;17;997117;1003671
ENST00000327300;KHDRBS1;1;32013829;32043882
ENST00000327347;SEPHS1;10;13317424;13348297
ENST00000327435;ADI1;2;3497361;3519736
ENST00000327471;BTBD6;14;105248671;105251084
ENST00000327492;TOB2;22;41433492;41447023
ENST00000327761;RASSF1;3;50329782;50337464
ENST00000327772;NDUFA12;12;94971333;95003770
ENST00000327827;C16orf72;16;9091648;9121640
ENST00000327892;TUBB;6;30720201;30725426
ENST00000328024;RAB11B;19;8390199;8404434
ENST00000328085;NPIPA1;16;14937443;14952056
ENST00000328195;PLPBP;8;37762593;37779767
ENST00000328434;COA3;17;42797634;42798704
ENST00000328631;IP6K2;3;48688003;48717250
ENST00000328649;CIB1;15;90229975;90234047
ENST00000328703;HAX1;1;154272511;154275875
ENST00000328709;COA5;2;98599310;98608492
ENST00000328848;NOP10;15;34341713;34343177
ENST00000329138;HGS;17;81683932;81702119
ENST00000329251;EEF1G;11;62559601;62573973
ENST00000329286;RAB12;18;8609445;8639382
ENST00000329970;GTF3C6;6;110958560;110967890
ENST00000330029;UQCR10;22;29767369;29770413
ENST00000330133;MRPL54;19;3762664;3767565
ENST00000330263;MRTO4;1;19251539;19260128
ENST00000330374;VMA21;X;151397204;151409364
ENST00000330398;ATP6V0C;16;2513870;2520218
ENST00000330720;KDELR1;19;48382570;48391553
ENST00000330899;DNAJA1;9;33025211;33039907
ENST00000330938;PTTG1IP;21;44849585;44873837
ENST00000331134;NPLOC4;17;81556887;81637146
ENST00000331244;GLRX3;10;130136399;130179664
ENST00000331272;FBXW4;10;101610666;101695259
ENST00000331334;GLRX5;14;95534593;95544718
ENST00000331457;DRG1;22;31399523;31434452
ENST00000331479;SMDT1;22;42079695;42084284
ENST00000331523;EEF1A1;6;73517521;73521721
ENST00000331710;TBK1;12;64451880;64502108
ENST00000331738;RSRC2;12;122503458;122526999
ENST00000331768;SETD3;14;99397746;99480879
ENST00000331808;DEXI;16;10928891;10942460
ENST00000331821;RANBP1;22;20117548;20127181
ENST00000331925;ACTG1;17;81509971;81512891
ENST00000332118;SRPRA;11;126262919;126268959
ENST00000332290;C6orf120;6;169702190;169704856
ENST00000332499;HEXIM1;17;45148502;45152101
ENST00000332556;LAMP1;13;113297241;113323672
ENST00000332598;TMED9;5;177592158;177596124
ENST00000332624;TRAK2;2;201377207;201451579
ENST00000332707;XPOT;12;64404350;64451127
ENST00000332830;PHF12;17;28905250;28951771
ENST00000332859;SUMO3;21;44805617;44818129
ENST00000332896;CRADD;12;93677375;93850736
ENST00000333676;MRPL12;17;81703357;81707526
ENST00000333762;H1FX;3;129314771;129316277
ENST00000334163;POLR3C;1;145824229;145842505
ENST00000334220;DLST;14;74881893;74903745
ENST00000334256;KPNA4;3;160494995;160565588
ENST00000334351;PNRC2;1;23959812;23963462
ENST00000334478;PFDN5;12;53295552;53299450
ENST00000334512;ZMIZ1;10;79069035;79316519
ENST00000334660;CHP1;15;41231143;41281890
ENST00000334678;RPS19BP1;22;39529093;39532855
ENST00000334828;PGAM1;10;97426160;97433441
ENST00000335007;PPP1CC;12;110719680;110742898
ENST00000335312;PIP5K1C;19;3630183;3700479
ENST00000335420;KLHDC10;7;130070510;130135720
ENST00000335508;SF3B1;2;197389784;197435091
ENST00000335514;ATP5IF1;1;28236133;28238100
ENST00000335895;BTF3;5;73498408;73505495
ENST00000336126;PCGF5;10;91220788;91284331
ENST00000336133;SARNP;12;55757274;55817756
ENST00000336273;MTDH;8;97644179;97728770
ENST00000336314;LARP1;5;154712902;154817607
ENST00000336418;AP3S2;15;89830599;89894342
ENST00000336458;EIF5A;17;7307373;7312455
ENST00000336735;SEL1L;14;81471549;81533861
ENST00000336812;DHX15;4;24527475;24584550
ENST00000336854;ATG101;12;52069971;52077494
ENST00000337002;SEC62;3;169966765;169998373
ENST00000337198;AZIN1;8;102826357;102864737
ENST00000337344;PCID2;13;113177577;113208711
ENST00000337387;WTAP;6;159727588;159749415
ENST00000337537;PPP2R5E;14;63371357;63543374
ENST00000337859;ZC3H15;2;186486156;186509363
ENST00000338205;ECPAS;9;111360692;111484357
ENST00000338272;TMEM167B;1;109089803;109096934
ENST00000338338;AURKAIP1;1;1373730;1375495
ENST00000338639;PARK7;1;7961663;7985279
ENST00000338961;PTGES2;9;128120693;128128462
ENST00000338970;RPL14;3;40457292;40468587
ENST00000339012;CFAP36;2;55519604;55545079
ENST00000339157;ABHD12;20;25300198;25390976
ENST00000339399;ANP32B;9;97983361;98015943
ENST00000339438;CSDE1;1;114716913;114757983
ENST00000339594;BAZ1B;7;73440398;73522272
ENST00000339600;NDUFA4;7;10931951;10940256
ENST00000339624;SERF2;15;43792347;43794046
ENST00000339697;SERINC1;6;122443354;122471822
ENST00000339834;BORCS7;10;102854223;102864961
ENST00000340020;AIDA;1;222668013;222712524
ENST00000340139;INTS12;4;105682627;105708681
ENST00000340385;PRDX6;1;173477266;173488807
ENST00000340450;CAP1;1;40040753;40072641
ENST00000340473;GTF2F2;13;45120515;45284909
ENST00000340611;BRAT1;7;2537877;2555727
ENST00000340645;GOLGB1;3;121663199;121749755
ENST00000340855;IDS;X;149476990;149505347
ENST00000340908;WNK1;12;752923;911452
ENST00000340913;HNRNPA1;12;54280755;54285214
ENST00000340941;MCCC2;5;71587297;71658704
ENST00000340990;ADIPOR1;1;202940823;202958389
ENST00000341162;FCF1;14;74713144;74738620
ENST00000341285;FBXL5;4;15604539;15655412
ENST00000341369;PTMA;2;231708516;231713536
ENST00000341516;DCAF5;14;69050881;69153126
ENST00000341567;TMEM248;7;66921225;66958551
ENST00000341657;ANKFY1;17;4163907;4263977
ENST00000341864;TAF9B;X;78129748;78139706
ENST00000341942;LAMTOR4;7;100148907;100154203
ENST00000342085;PDPK1;16;2537964;2603188
ENST00000342166;DPY30;2;32023892;32039812
ENST00000342192;UBE2L3;22;21567547;21624034
ENST00000342320;RBPJ;4;26362436;26435131
ENST00000342374;SERINC3;20;44497431;44522109
ENST00000342505;JAK1;1;64833229;64966504
ENST00000342745;SUSD6;14;69611596;69715142
ENST00000343053;NELFB;9;137255173;137273546
ENST00000343242;MAFK;7;1530714;1543043
ENST00000343255;SRSF10;1;23969083;23980327
ENST00000343262;RPS2;16;1962052;1964860
ENST00000343304;LRRC41;1;46278401;46303366
ENST00000343666;TMEM203;9;137204082;137205638
ENST00000343788;SUGT1;13;52652839;52687872
ENST00000343810;MCRS1;12;49558320;49568153
ENST00000343813;ICMT;1;6221193;6235940
ENST00000343815;UBAP2L;1;154220179;154263505
ENST00000343818;PYCR2;1;225919878;225924259
ENST00000343986;RPS21;20;62387116;62388519
ENST00000344147;ZCCHC17;1;31296995;31364936
ENST00000344337;KPNA1;3;122421949;122514928
ENST00000344417;C7orf26;7;6590017;6608726
ENST00000344423;ZNF395;8;28345585;28386466
ENST00000344517;ABCB10;1;229516582;229558695
ENST00000344836;USP7;16;8892094;8963484
ENST00000344843;MRPL20;1;1401908;1407313
ENST00000344924;BPGM;7;134646808;134679813
ENST00000345046;BCAP31;X;153700492;153724746
ENST00000345330;NPTN;15;73560014;73633413
ENST00000345496;UBE2G2;21;44768580;44802019
ENST00000345519;CLTA;9;36190923;36212056
ENST00000346166;RNF6;13;26212762;26221842
ENST00000347055;KRCC1;2;88027205;88055729
ENST00000347512;RPL36;19;5690196;5691876
ENST00000347869;RBM5;3;50088908;50119021
ENST00000347970;TM2D3;15;101641846;101652391
ENST00000348035;RAC1;7;6374523;6403977
ENST00000348165;UBE3C;7;157138913;157269372
ENST00000348462;RPL35;9;124857884;124861961
ENST00000349048;PFKL;21;44300051;44327376
ENST00000349157;PUF60;8;143816377;143829352
ENST00000349496;CTNNB1;3;41199229;41240453
ENST00000349736;CSNK2A1;20;481110;543792
ENST00000349995;COG3;13;45464925;45536630
ENST00000350028;SAMM50;22;43955421;43996533
ENST00000350498;PDAP1;7;99394963;99408829
ENST00000350697;SEC13;3;10300931;10321178
ENST00000350887;SNRNP35;12;123464506;123466390
ENST00000351193;NMD3;3;161221290;161252307
ENST00000351677;PTPN11;12;112418914;112509913
ENST00000351698;TOR1A;9;129812944;129824134
ENST00000351842;USP4;3;49277831;49340033
ENST00000352397;CYB5R3;22;42618808;42649568
ENST00000352456;HNRNPUL1;19;41262496;41307598
ENST00000352957;MRPL39;21;25585656;25607517
ENST00000352983;RPL7;8;73290639;73293898
ENST00000353047;CTSB;8;11842524;11868229
ENST00000353107;POLR2K;8;100150584;100154002
ENST00000353258;GDE1;16;19501689;19522145
ENST00000353341;HNRNPD;4;82353829;82373986
ENST00000353487;SPPL3;12;120762510;120904371
ENST00000353555;BSG;19;572578;583493
ENST00000353703;YWHAB;20;44885676;44908532
ENST00000353704;CREB3;9;35732335;35737004
ENST00000353999;EIF4H;7;74174356;74197096
ENST00000354171;GPX4;19;1103937;1106790
ENST00000354200;TBC1D20;20;435480;462553
ENST00000354293;AP2A1;19;49766968;49807112
ENST00000354300;PPTC7;12;110533245;110583320
ENST00000354336;CRKL;22;20917426;20953749
ENST00000354488;DDRGK1;20;3190350;3204685
ENST00000354618;THRAP3;1;36224416;36305357
ENST00000354667;HNRNPA2B1;7;26189927;26200746
ENST00000354725;SND1;7;127652180;128092607
ENST00000354775;ALDH9A1;1;165662216;165698863
ENST00000354811;RPL15;3;23917705;23919551
ENST00000354858;AK2;1;33013044;33036992
ENST00000354884;SLC39A13;11;47408631;47416496
ENST00000354910;ANAPC13;3;134477708;134486026
ENST00000355072;HTT;4;3074681;3243960
ENST00000355091;GPAA1;8;144082610;144086216
ENST00000355238;SYNCRIP;6;85608329;85642991
ENST00000355264;AP3M1;10;74120255;74151063
ENST00000355296;DNAJA3;16;4425860;4456775
ENST00000355528;TBCD;17;82752064;82945922
ENST00000355619;FBXL3;13;77005254;77027150
ENST00000355621;UBE2H;7;129830732;129952949
ENST00000355653;VAT1;17;43014605;43022418
ENST00000355673;MBD6;12;57522744;57530148
ENST00000355683;STRN3;14;30893799;31026401
ENST00000355693;COA4;11;73872667;73876988
ENST00000355749;NDUFA5;7;123541029;123558255
ENST00000355801;COMMD6;13;75526436;75537841
ENST00000355904;GTF2E2;8;30578318;30658251
ENST00000355937;PRELID3B;20;59033145;59042909
ENST00000355968;PPIA;7;44796681;44801631
ENST00000356091;NPEPL1;20;58692613;58715844
ENST00000356126;PSMD12;17;67337916;67366627
ENST00000356205;SLC39A1;1;153959099;153963572
ENST00000356221;CDC16;13;114234977;114272675
ENST00000356244;RANGAP1;22;41245611;41286251
ENST00000356286;RBCK1;20;408053;430966
ENST00000356401;ARIH2;3;48918821;48986382
ENST00000356413;IGBP1;X;70133463;70166324
ENST00000356493;STOML2;9;35099891;35103157
ENST00000356508;PLD3;19;40348700;40378483
ENST00000356554;MAN1A2;1;117367449;117528872
ENST00000356634;KDM1A;1;23019448;23083689
ENST00000356654;ATN1;12;6924463;6942321
ENST00000356663;TMEM259;19;1009648;1021179
ENST00000356674;HNRNPA2B1;7;26191844;26200746
ENST00000356770;PBRM1;3;52545352;52679714
ENST00000357066;MOB3A;19;2071038;2096332
ENST00000357067;DCTD;4;182890104;182917379
ENST00000357103;ADIPOR2;12;1691027;1788678
ENST00000357156;DYNLRB1;20;34516409;34540958
ENST00000357214;SFPQ;1;35182932;35193148
ENST00000357235;CDC42SE1;1;151050973;151059649
ENST00000357332;ASNA1;19;12737492;12748323
ENST00000357519;FIBP;11;65883921;65888539
ENST00000357765;UNC50;2;98608579;98618515
ENST00000357790;RPLP1;15;69452814;69455547
ENST00000357849;COPS5;8;67043079;67062317
ENST00000357997;ANKLE2;12;132725503;132761888
ENST00000358007;DDX47;12;12813346;12829981
ENST00000358015;RAD23B;9;107283279;107332194
ENST00000358075;MAGT1;X;77826364;77895593
ENST00000358227;DMAC1;9;7796490;7800067
ENST00000358337;WDR55;5;140664676;140672345
ENST00000358344;HNRNPAB;5;178204507;178211163
ENST00000358372;WTAP;6;159725585;159756319
ENST00000358402;MAX;14;65075124;65102504
ENST00000358406;GSTK1;7;143263443;143269129
ENST00000358435;TOMM7;7;22812632;22822851
ENST00000358595;ARNT;1;150809705;150876768
ENST00000358666;UBL5;19;9827892;9830115
ENST00000358689;ENTPD4;8;23429152;23457695
ENST00000358704;ZBTB18;1;244051283;244057476
ENST00000358746;TTC37;5;95463895;95555007
ENST00000358901;VCP;9;35056064;35073249
ENST00000358935;MARCH5;10;92291163;92353964
ENST00000359139;PPP6R2;22;50343304;50445090
ENST00000359285;SH2B1;16;28863805;28874205
ENST00000359653;ZRANB1;10;124942123;124988189
ENST00000359866;DDA1;19;17309531;17323301
ENST00000359957;BRMS1;11;66337339;66345125
ENST00000359995;SRSF2;17;76734119;76737374
ENST00000360001;SDF4;1;1216908;1232001
ENST00000360003;MCMBP;10;119829404;119872754
ENST00000360115;MACF1;1;39453837;39486987
ENST00000360244;APH1A;1;150265406;150269303
ENST00000360270;MSN;X;65667670;65741931
ENST00000360359;ANKS1A;6;34889265;35091413
ENST00000360370;SLC41A3;3;126006355;126084109
ENST00000360403;EIF2B3;1;44850778;44986610
ENST00000360458;MORF4L2;X;103675496;103688064
ENST00000360472;PEA15;1;160205337;160215376
ENST00000360507;CNPPD1;2;219171897;219176966
ENST00000360541;ETF1;5;138506099;138543300
ENST00000360565;SCAF1;19;49642125;49658642
ENST00000360579;VPS29;12;110491523;110502099
ENST00000360820;SCYL2;12;100267384;100341724
ENST00000360830;RPS24;10;78033863;78040697
ENST00000360840;MRPL37;1;54200167;54218383
ENST00000360864;DNAJC5;20;63895182;63936031
ENST00000360876;EIF3B;7;2354866;2380743
ENST00000360943;UBE2Z;17;48908369;48929056
ENST00000361204;SREBF2;22;41833105;41907308
ENST00000361217;DENND4B;1;153929501;153946696
ENST00000361246;CDC42BPB;14;102932379;103057462
ENST00000361256;SPOUT1;9;128819651;128829821
ENST00000361264;DCAF12;9;34086387;34126773
ENST00000361272;CNOT7;8;17224964;17246878
ENST00000361288;TAF11;6;34877778;34888089
ENST00000361337;TOP1;20;41028818;41124487
ENST00000361351;UBL7;15;74445977;74461182
ENST00000361357;MAP3K3;17;63622442;63696303
ENST00000361368;SMURF1;7;99027438;99144019
ENST00000361383;CTNNBL1;20;37694006;37872129
ENST00000361427;HMGN2;1;26472519;26475972
ENST00000361439;NSMCE1;16;27224991;27268794
ENST00000361479;MPHOSPH8;13;19633681;19673459
ENST00000361531;MRPL24;1;156737303;156741088
ENST00000361564;OSTC;4;108650584;108667820
ENST00000361565;IPO9;1;201829141;201884294
ENST00000361574;R3HDM4;19;896503;913231
ENST00000361575;RPL39;X;119786506;119791643
ENST00000361587;HIPK1;1;113963440;113977804
ENST00000361605;C1orf174;1;3889125;3900285
ENST00000361611;PSMB5;14;23025851;23035145
ENST00000361731;SFT2D1;6;166319728;166342591
ENST00000361785;RNF13;3;149872073;149962126
ENST00000361786;CIPC;14;77098097;77117287
ENST00000361804;SMC3;10;110567691;110604636
ENST00000361891;ILF2;1;153662036;153671048
ENST00000361906;TMEM184B;22;38219291;38273034
ENST00000361937;INO80;15;40978880;41116354
ENST00000361983;KIF1BP;10;68988721;69016982
ENST00000362003;PCGF3;4;705765;770640
ENST00000362034;MRPL21;11;68891276;68903820
ENST00000362091;FBH1;10;5890231;5937593
ENST00000366535;ADSS;1;244408494;244452134
ENST00000366607;TOMM20;1;235109336;235128936
ENST00000366615;COA6;1;234373456;234384049
ENST00000366639;TSNAX;1;231528653;231566524
ENST00000366647;GNPAT;1;231241210;231277973
ENST00000366690;RAB4A;1;229271132;229305894
ENST00000366780;PHF10;6;169703905;169723931
ENST00000366794;PARP1;1;226360691;226408073
ENST00000366812;ACBD3;1;226144679;226186730
ENST00000366815;H3F3A;1;226062678;226071999
ENST00000366862;FBXO28;1;224114087;224162047
ENST00000366923;EPRS;1;219968601;220046658
ENST00000366988;NENF;1;212432887;212446379
ENST00000366997;LPGAT1;1;211743457;211830772
ENST00000367034;MRPL18;6;159790466;159798436
ENST00000367089;DYNLT1;6;158636474;158644739
ENST00000367103;MAPKAPK2;1;206685037;206734283
ENST00000367142;NUCKS1;1;205712819;205750276
ENST00000367188;PPP1R15B;1;204403387;204411791
ENST00000367210;ZC3H11A;1;203795660;203854121
ENST00000367242;TMEM183A;1;203007386;203024848
ENST00000367249;CYB5R1;1;202961869;202967280
ENST00000367287;TIMM17A;1;201955491;201970661
ENST00000367334;TMEM9;1;201134772;201154494
ENST00000367380;PCMT1;6;149749695;149811420
ENST00000367419;GINM1;6;149566294;149591748
ENST00000367439;GLRX2;1;193096468;193105431
ENST00000367478;TPR;1;186311652;186375325
ENST00000367569;SF3B5;6;144094881;144095573
ENST00000367576;LTV1;6;143843344;143863812
ENST00000367595;ACBD6;1;180288230;180502954
ENST00000367627;TOR3A;1;179081377;179095996
ENST00000367739;IFNGR1;6;137197484;137219449
ENST00000367846;MPC2;1;167916729;167936040
ENST00000367889;MGST3;1;165630861;165655620
ENST00000367942;ATF6;1;161766294;161964070
ENST00000368003;UFC1;1;161153752;161158856
ENST00000368010;PFDN2;1;161100556;161118111
ENST00000368211;MRPL24;1;156737305;156741131
ENST00000368232;GPATCH4;1;156594487;156601483
ENST00000368235;NAXE;1;156591762;156594299
ENST00000368277;PMF1;1;156213007;156240042
ENST00000368305;LAMTOR2;1;156054752;156058510
ENST00000368309;UBQLN4;1;156035301;156053794
ENST00000368321;KHDC4;1;155913043;155934397
ENST00000368336;DAP3;1;155689058;155739010
ENST00000368346;ASH1L;1;155335268;155562693
ENST00000368400;DPM3;1;155139891;155140544
ENST00000368467;PMVK;1;154924734;154936991
ENST00000368494;NUS1;6;117675502;117710640
ENST00000368521;C1orf43;1;154206706;154220606
ENST00000368567;RPS27;1;153990755;153992155
ENST00000368575;RAB13;1;153981651;153986352
ENST00000368608;TSPYL1;6;116276578;116279903
ENST00000368655;GATAD2B;1;153804725;153922975
ENST00000368685;SNAPIN;1;153658654;153661830
ENST00000368694;CHTOP;1;153634049;153646306
ENST00000368719;S100A6;1;153534599;153536222
ENST00000368830;MRPL9;1;151759643;151763564
ENST00000368858;BUB3;10;123154415;123165365
ENST00000368884;PSMD4;1;151254703;151267479
ENST00000368886;IKZF5;10;122990806;123008817
ENST00000369023;NSMCE4A;10;121957088;121975217
ENST00000369043;ATE1;10;121740424;121928036
ENST00000369109;APH1A;1;150265404;150268999
ENST00000369110;PREP;6;105277565;105403084
ENST00000369144;EIF3A;10;119033670;119080804
ENST00000369151;CACUL1;10;118676411;118755246
ENST00000369248;FAM160B1;10;114821744;114864717
ENST00000369278;UFL1;6;96521808;96555276
ENST00000369307;RBM8A;1;145925642;145927460
ENST00000369314;POLR3GL;1;145964703;145978848
ENST00000369405;ZDHHC6;10;112430300;112446914
ENST00000369536;RARS2;6;87514378;87590003
ENST00000369541;BCAS2;1;114567557;114581639
ENST00000369550;DKC1;X;154762756;154777689
ENST00000369552;SLC35A1;6;87472977;87512336
ENST00000369660;UBL4A;X;154483717;154486670
ENST00000369713;GSTO1;10;104254735;104267457
ENST00000369762;ATP6AP1;X;154428632;154436516
ENST00000369799;AHCYL1;1;109984686;110023735
ENST00000369842;EMD;X;154379197;154381523
ENST00000369905;ACTR1A;10;102479229;102502711
ENST00000369937;CUEDC2;10;102423245;102432661
ENST00000369983;GBF1;10;102245532;102382899
ENST00000370008;STXBP3;1;108746688;108809526
ENST00000370025;PRPF38B;1;108692323;108701803
ENST00000370086;SSR4;X;153794639;153798505
ENST00000370152;MFSD14A;1;100038097;100083377
ENST00000370179;PPDPF;20;63520724;63522206
ENST00000370223;LZTS2;10;100997072;101007836
ENST00000370321;RPL5;1;92832040;92841924
ENST00000370339;YTHDF1;20;63195429;63216234
ENST00000370372;BLOC1S2;10;100274695;100286712
ENST00000370455;SMAP1;6;70667776;70862015
ENST00000370476;CUTC;10;99732220;99756134
ENST00000370483;COX15;10;99711844;99732100
ENST00000370487;MRGBP;20;62796453;62801738
ENST00000370495;SLC25A28;10;99610522;99620364
ENST00000370500;GTF2B;1;88852932;88891618
ENST00000370509;CREG1;1;167541013;167553767
ENST00000370554;SELENOF;1;86862725;86914134
ENST00000370558;SH3GLB1;1;86704576;86748184
ENST00000370631;PI4K2A;10;97640686;97676434
ENST00000370651;AL135905.2;6;63572012;63583587
ENST00000370654;RPF1;1;84479267;84497790
ENST00000370768;FUBP1;1;77948405;77979086
ENST00000370775;RTL8A;X;135050932;135052175
ENST00000370873;PSMA7;20;62136735;62143430
ENST00000370920;ZRANB2;1;71063291;71081297
ENST00000370994;SERBP1;1;67407810;67430415
ENST00000370995;SERBP1;1;67411038;67430386
ENST00000371065;LEPROT;1;65420587;65436007
ENST00000371142;TM9SF3;10;96518109;96587052
ENST00000371217;TCTN3;10;95663401;95693923
ENST00000371317;MCTS1;X;120603980;120612479
ENST00000371322;CUL4B;X;120524609;120560700
ENST00000371335;LAMP2;X;120436494;120469306
ENST00000371437;NDUFA1;X;119871487;119876662
ENST00000371442;RNF113A;X;119870475;119871827
ENST00000371443;MRPL41;9;137551199;137552555
ENST00000371470;MAGOH;1;53226892;53238610
ENST00000371477;CDC5L;6;44387525;44450426
ENST00000371558;UBE2A;X;119574467;119584425
ENST00000371579;DPP7;9;137110542;137114718
ENST00000371588;DPM1;20;50934867;50958550
ENST00000371621;PTPN1;20;50510354;50585241
ENST00000371626;TXNDC12;1;52020131;52056171
ENST00000371627;TNKS2;10;91798312;91865276
ENST00000371646;HSP90AB1;6;44247087;44253886
ENST00000371649;EDF1;9;136862119;136866285
ENST00000371674;UBE2V1;20;50081124;50113173
ENST00000371711;B4GALT5;20;49632945;49713878
ENST00000371717;PMPCA;9;136410570;136423761
ENST00000371738;DNLZ;9;136361900;136363789
ENST00000371756;UBAC1;9;135932969;135961380
ENST00000371764;DDX27;20;49219347;49244077
ENST00000371828;STAU1;20;49113341;49188367
ENST00000371835;BRD4;19;15247047;15280451
ENST00000371873;CMPK1;1;47333797;47378839
ENST00000371917;ARFGEF2;20;48921890;49036693
ENST00000371933;EFCAB14;1;46675159;46719064
ENST00000371942;REXO4;9;133406062;133418044
ENST00000371953;PTEN;10;87863113;87971930
ENST00000371964;SURF2;9;133356552;133361169
ENST00000371974;SURF1;9;133351755;133356485
ENST00000371984;POMGNT1;1;46188683;46198443
ENST00000371989;SURF4;9;133361449;133376099
ENST00000372014;MRPL14;6;44113454;44127457
ENST00000372133;MRPS18A;6;43671303;43687791
ENST00000372134;GHITM;10;84139440;84153245
ENST00000372171;MAD2L1BP;6;43635819;43640952
ENST00000372257;ERI3;1;44221070;44355208
ENST00000372343;IPO13;1;43946939;43968022
ENST00000372409;PCIF1;20;45934628;45948023
ENST00000372422;YIPF3;6;43511827;43516990
ENST00000372435;PRPS1;X;107628428;107651026
ENST00000372447;C9orf78;9;129827290;129835275
ENST00000372458;ELOVL1;1;43363397;43368018
ENST00000372483;NTMT1;9;129626173;129635930
ENST00000372521;SVBP;1;42807056;42817252
ENST00000372622;DNTTIP1;20;45791937;45811427
ENST00000372759;ZMPSTE24;1;40258107;40294184
ENST00000372833;CHCHD1;10;73782063;73783652
ENST00000372853;URM1;9;128371319;128392016
ENST00000372858;PABPC4;1;39560816;39576401
ENST00000372945;MRPS16;10;73248843;73252693
ENST00000372950;DNAJC9;10;73242824;73248862
ENST00000372994;C9orf16;9;128160260;128163928
ENST00000373001;RRAGC;1;38838198;38859823
ENST00000373019;SF3A3;1;37956975;37990921
ENST00000373062;GNL2;1;37566816;37595921
ENST00000373166;TRAPPC3;1;36136572;36149469
ENST00000373212;SH3BGRL;X;81201943;81298547
ENST00000373218;EIF4EBP2;10;70404379;70428618
ENST00000373232;PPA1;10;70202830;70233427
ENST00000373237;PSMB2;1;35601584;35641844
ENST00000373241;SAR1A;10;70150204;70170523
ENST00000373335;COX7B;X;77899440;77905385
ENST00000373358;PBDC1;X;76172936;76178204
ENST00000373365;GLO1;6;38675925;38703141
ENST00000373449;AK2;1;33007984;33036870
ENST00000373451;CMTR1;6;37433220;37481506
ENST00000373477;YARS;1;32775239;32818153
ENST00000373491;TBC1D22B;6;37257772;37332970
ENST00000373537;BLCAP;20;37517417;37527931
ENST00000373547;PPP6C;9;125146573;125189818
ENST00000373585;DDX50;10;68901278;68946847
ENST00000373586;EIF3I;1;32222370;32231604
ENST00000373616;MTCH1;6;36968141;36986298
ENST00000373625;KPNA6;1;32108038;32176568
ENST00000373627;MTCH1;6;36968141;36986298
ENST00000373647;RABGAP1;9;122941009;123104866
ENST00000373669;PIN4;X;72181679;72198344
ENST00000373670;RC3H2;9;122844556;122898110
ENST00000373703;PEF1;1;31629862;31644887
ENST00000373715;SRSF3;6;36594368;36605600
ENST00000373719;OGT;X;71533083;71575897
ENST00000373731;KCTD20;6;36442767;36491143
ENST00000373768;NDUFA8;9;122144058;122159819
ENST00000373783;ADO;10;62804857;62808483
ENST00000373795;SRSF4;1;29147743;29181987
ENST00000373840;RAB14;9;121178137;121201869
ENST00000373912;RPA2;1;27891524;27914743
ENST00000373943;STX12;1;27773183;27824452
ENST00000374050;ATP6V1G1;9;114587746;114598373
ENST00000374077;ROMO1;20;35699353;35700984
ENST00000374135;GPN2;1;26876133;26890297
ENST00000374169;POLE3;9;113407235;113410382
ENST00000374206;CDC26;9;113267008;113275589
ENST00000374231;UQCC2;6;33695349;33711684
ENST00000374266;ZNF593;1;26169871;26170873
ENST00000374274;SNX12;X;71059246;71068423
ENST00000374293;GNG10;9;111661335;111670246
ENST00000374303;MTFR1L;1;25819906;25832941
ENST00000374358;TMEM50A;1;25337917;25362361
ENST00000374433;ZNF32;10;43643859;43648856
ENST00000374466;CSGALNACT2;10;43138486;43185308
ENST00000374516;PHF1;6;33410961;33416453
ENST00000374518;BMS1;10;42782801;42834937
ENST00000374550;RPL11;1;23691742;23696417
ENST00000374586;TMEM245;9;109015152;109119945
ENST00000374617;WDR46;6;33279108;33289527
ENST00000374656;RING1;6;33208495;33212722
ENST00000374680;RXRB;6;33193588;33200688
ENST00000374759;SLC38A10;17;81245000;81295305
ENST00000374864;ITCH;20;34363235;34511393
ENST00000374980;EIF2S2;20;34088298;34112332
ENST00000375050;PBX2;6;32184741;32190186
ENST00000375058;MAGED2;X;54808371;54816007
ENST00000375107;AGPAT1;6;32168212;32176122
ENST00000375147;NCBP1;9;97633626;97673748
ENST00000375151;TSR2;X;54440401;54445487
ENST00000375203;ATF6B;6;32115264;32128240
ENST00000375249;HABP4;9;96450205;96491336
ENST00000375344;MFSD14B;9;94374551;94461042
ENST00000375370;TFDP1;13;113584741;113641470
ENST00000375436;RCC2;1;17406760;17439724
ENST00000375446;NINJ1;9;93121489;93134288
ENST00000375499;SDHB;1;17018722;17054170
ENST00000375549;SDHD;11;112086773;112095794
ENST00000375571;MAPRE1;20;32819893;32850405
ENST00000375592;FBXO42;1;16246839;16352454
ENST00000375631;NEU1;6;31859052;31862906
ENST00000375661;LSM2;6;31797396;31806984
ENST00000375663;VARS;6;31777518;31795953
ENST00000375664;WAC;10;28532493;28623112
ENST00000375743;ZBTB17;1;15941869;15976126
ENST00000375749;POFUT1;20;32207880;32238667
ENST00000375759;SPEN;1;15847864;15940460
ENST00000375882;CSNK2B;6;31666064;31670070
ENST00000375911;C6orf47;6;31658298;31660772
ENST00000375991;ISCA1;9;86264546;86282529
ENST00000376016;YME1L1;10;27110454;27154392
ENST00000376052;TPP2;13;102597023;102679958
ENST00000376227;CCDC22;X;49235467;49250526
ENST00000376228;HLA-C;6;31268749;31272086
ENST00000376395;UBQLN1;9;83659963;83708203
ENST00000376488;OTUD5;X;48922212;48957599
ENST00000376511;PPP1R10;6;30600400;30617244
ENST00000376547;STK24;13;98452159;98521998
ENST00000376572;KIAA2013;1;11919591;11926423
ENST00000376582;TIMM17B;X;48893447;48898143
ENST00000376630;HLA-E;6;30489467;30494205
ENST00000376663;BMI1;10;22321211;22331484
ENST00000376692;MAD2L2;1;11674481;11681214
ENST00000376729;WDR13;X;48597478;48608867
ENST00000376741;SP2;17;47896150;47928957
ENST00000376772;PPP1R11;6;30067088;30070333
ENST00000376809;HLA-A;6;29942470;29945884
ENST00000376817;RACK1;5;181236937;181243903
ENST00000376838;MTOR;1;11106535;11131558
ENST00000376901;YIF1A;11;66284580;66289170
ENST00000376936;EXOSC10;1;11066618;11099881
ENST00000376957;SRM;1;11054589;11060024
ENST00000376980;DNAJC1;10;21756537;22003725
ENST00000377045;ARAF;X;47561117;47571900
ENST00000377390;SF1;11;64764606;64778730
ENST00000377452;DTD1;20;18587893;18763917
ENST00000377453;CLN5;13;76992084;77002506
ENST00000377464;RERE;1;8352406;8525939
ENST00000377575;HMGN4;6;26538405;26546254
ENST00000377577;DNAJC11;1;6634168;6701924
ENST00000377648;PHF13;1;6613685;6624033
ENST00000377798;POLR1E;9;37485935;37503697
ENST00000377811;NDUFB11;X;47142216;47145504
ENST00000378060;VPS36;13;52412602;52450622
ENST00000378078;RGP1;9;35749287;35758575
ENST00000378088;GBA2;9;35736867;35738635
ENST00000378103;GBA2;9;35736866;35749228
ENST00000378119;C6orf62;6;24704861;24720836
ENST00000378251;LRRC47;1;3778558;3796504
ENST00000378344;TPRG1L;1;3625002;3630127
ENST00000378364;APRT;16;88809339;88811944
ENST00000378372;HSPA14;10;14838164;14871741
ENST00000378438;ATP6AP2;X;40580958;40606619
ENST00000378565;ITM2B;13;48233158;48270357
ENST00000378572;PRPF18;10;13586927;13630868
ENST00000378578;DYNLT3;X;37838836;37847637
ENST00000378609;GNB1;1;1785286;1891056
ENST00000378667;UQCRQ;5;132866630;132867687
ENST00000378670;UQCRQ;5;132866560;132868031
ENST00000378720;ESD;13;46771256;46797232
ENST00000378750;PEX16;11;45910174;45918055
ENST00000378852;API5;11;43312003;43344529
ENST00000378887;SDHAF1;19;35995199;35996315
ENST00000378891;DVL1;1;1335276;1349112
ENST00000378954;ATL2;2;38294880;38377262
ENST00000379056;TPT1;13;45336873;45341212
ENST00000379095;NGRN;15;90265705;90278141
ENST00000379378;E2F4;16;67192169;67198918
ENST00000379487;WBP4;13;41061274;41084006
ENST00000379542;TMEM14B;6;10747759;10756981
ENST00000379607;EIF1AX;X;20124518;20141844
ENST00000379638;REEP5;5;112876379;112922539
ENST00000379666;MRPL33;2;27771717;27779734
ENST00000379704;BAG1;9;33255026;33264571
ENST00000379719;IPO7;11;9384622;9448126
ENST00000379751;CENPB;20;3783851;3786690
ENST00000379804;PDHA1;X;19355582;19359844
ENST00000379847;NDUFB6;9;32552999;32573162
ENST00000379852;NRBP1;2;27428640;27442255
ENST00000379888;RBM17;10;6088987;6116880
ENST00000380155;SYAP1;X;16719632;16765336
ENST00000380191;GDI2;10;5765223;5813549
ENST00000380325;MRPS26;20;3045945;3048254
ENST00000380377;TBCA;5;77691166;77776361
ENST00000380394;RPS6;9;19375715;19380254
ENST00000380412;ZNF768;16;30524001;30526589
ENST00000380445;VPS16;20;2840703;2866732
ENST00000380516;SLTM;15;58879045;58933653
ENST00000380527;RRAGA;9;19049395;19050983
ENST00000380542;NAP1L4;11;2944437;2992377
ENST00000380629;BNIP3L;8;26382898;26413129
ENST00000380649;HADHA;2;26190635;26244726
ENST00000380680;UBL3;13;29764371;29850684
ENST00000380764;WRNIP1;6;2768773;2785745
ENST00000380817;SBF1;22;50445000;50475024
ENST00000380843;IDH3B;20;2658395;2664219
ENST00000381140;GTF3A;13;27424544;27435688
ENST00000381192;CD99;X;2691133;2741309
ENST00000381249;RDH14;2;18554723;18560680
ENST00000381334;TMEM165;4;55395957;55426172
ENST00000381342;SNRPB;20;2461634;2470853
ENST00000381401;SLC25A6;X;1386152;1392724
ENST00000381519;MRPL23;11;1947278;1956609
ENST00000381679;SON;21;33543065;33559056
ENST00000381692;SON;21;33543052;33577481
ENST00000381736;NUP58;13;25301524;25342416
ENST00000381809;AK3;9;4711155;4741318
ENST00000381854;CDC37L1;9;4679566;4708398
ENST00000382384;WIPI2;7;5190273;5231470
ENST00000382409;DEAF1;11;644233;695532
ENST00000382533;SAP18;13;21140514;21149082
ENST00000382581;MRFAP1;4;6640691;6642745
ENST00000382762;BET1L;11;202926;207428
ENST00000382952;CTBP1;4;1211448;1249112
ENST00000383432;RALBP1;18;9475670;9538116
ENST00000383463;HMCES;3;129278840;129306186
ENST00000389120;RNF20;9;101533851;101563344
ENST00000389501;SMYD5;2;73214222;73227237
ENST00000389629;RTF1;15;41417104;41483563
ENST00000389682;TSN;2;121755533;121767853
ENST00000389704;EXOSC8;13;37000541;37009401
ENST00000389834;TMEM87A;15;42210532;42273663
ENST00000389879;CCNK;14;99481409;99512440
ENST00000390015;GAA;17;80101594;80119877
ENST00000390658;EID2;19;39538705;39540333
ENST00000391753;RPS9;19;54201133;54207647
ENST00000391851;PRMT1;19;49677152;49688447
ENST00000391857;RPL13A;19;49487554;49492308
ENST00000391975;HDLBP;2;241227264;241272886
ENST00000392038;AKT2;19;40230317;40285395
ENST00000392081;SIRT2;19;38878557;38899862
ENST00000392086;DNAJB2;2;219279344;219286898
ENST00000392132;XRCC5;2;216109297;216206291
ENST00000392185;SNX9;6;157823264;157945077
ENST00000392221;EEF1B2;2;206159594;206162927
ENST00000392246;SUMO1;2;202206180;202238608
ENST00000392325;WDR45B;17;82614562;82648535
ENST00000392455;CCDC50;3;191329077;191398670
ENST00000392514;RPLP0;12;120196686;120201211
ENST00000392910;ZYX;7;143381907;143391109
ENST00000393000;RNF7;3;141738297;141745702
ENST00000393038;PTRH2;17;59697306;59707598
ENST00000393085;MTPN;7;135926761;135977316
ENST00000393094;CUL5;11;108008733;108107776
ENST00000393227;LUC7L3;17;50719599;50751617
ENST00000393263;NAP1L1;12;76047155;76084666
ENST00000393381;HPF1;4;169729465;169757953
ENST00000393399;PRCP;11;82824368;82900430
ENST00000393593;IRF2;4;184387713;184474580
ENST00000393600;FAM50A;X;154444126;154450654
ENST00000393623;KEAP1;19;10486126;10502896
ENST00000393784;ERGIC1;5;172834275;172952685
ENST00000393891;NACA;12;56712435;56725267
ENST00000393924;GNB2;7;100676138;100679174
ENST00000394048;ESYT1;12;56128056;56144671
ENST00000394077;RPL24;3;101681092;101686782
ENST00000394123;G3BP1;5;151771910;151812785
ENST00000394186;ATP5MF;7;99458309;99466161
ENST00000394196;CHD2;15;92900320;93028005
ENST00000394231;MIEN1;17;39729156;39730787
ENST00000394264;FAM122A;9;68780034;68784608
ENST00000394332;RPL23;17;38847865;38853722
ENST00000394434;LARS;5;146113038;146182660
ENST00000394440;CCT4;2;61868089;61888804
ENST00000394456;GTF2F1;19;6379569;6393460
ENST00000394580;RPL36;19;5690316;5691667
ENST00000394667;RPL34;4;108620566;108625255
ENST00000394803;UBE2D3;4;102795976;102828159
ENST00000394867;MAP2K2;19;4090333;4124117
ENST00000394886;CDC23;5;138187648;138213343
ENST00000394908;FLOT2;17;28879335;28897679
ENST00000394920;RPL8;8;144789769;144792389
ENST00000394935;RPL23A;17;28720264;28723933
ENST00000394936;PSAP;10;71816298;71851375
ENST00000394975;VKORC1;16;31090842;31094957
ENST00000395044;VDAC1;5;133971915;134004742
ENST00000395068;GRINA;8;143990100;143993415
ENST00000395290;CELF1;11;47465944;47489024
ENST00000395422;CHCHD2;7;56101569;56106576
ENST00000395443;QRICH1;3;49029707;49094363
ENST00000395468;MAPK1IP1L;14;55051631;55070192
ENST00000395633;ATP5F1D;19;1241746;1244825
ENST00000395699;PURB;7;44876293;44885361
ENST00000395719;G3BP2;4;75642782;75673114
ENST00000395785;EBAG9;8;109539711;109565160
ENST00000395811;MPRIP;17;17042760;17192648
ENST00000395850;CD59;11;33709996;33736422
ENST00000396014;METTL9;16;21599558;21656119
ENST00000396049;MOB1A;2;74152528;74178868
ENST00000396070;RPL30;8;98041721;98045544
ENST00000396081;HERPUD2;7;35632659;35695135
ENST00000396185;CTNNB1;3;41199389;41240443
ENST00000396319;TAX1BP1;7;27740189;27829263
ENST00000396466;RPL7;8;73291040;73295789
ENST00000396591;SLC30A5;5;69093646;69131069
ENST00000396651;RPS8;1;44775437;44778779
ENST00000396680;ATF4;22;39520564;39522685
ENST00000396705;TPI1;12;6867531;6870828
ENST00000396821;DDX17;22;38483440;38506337
ENST00000396859;GAPDH;12;6534754;6538339
ENST00000396981;UBE2G1;17;4269259;4366482
ENST00000396987;GPAT4;8;41578200;41625001
ENST00000397128;PRKAA1;5;40759379;40798198
ENST00000397149;SMU1;9;33041764;33076659
ENST00000397195;PAFAH1B1;17;2593746;2685615
ENST00000397239;DEK;6;18223868;18264823
ENST00000397292;PLAA;9;26904083;26947463
ENST00000397333;DDX51;12;132136594;132144335
ENST00000397353;HAGH;16;1809103;1826841
ENST00000397375;MRPS34;16;1771890;1773155
ENST00000397514;UBE2I;16;1309510;1327017
ENST00000397641;MORC2;22;30925130;30968298
ENST00000397762;RAB2B;14;21459020;21476973
ENST00000397786;MED13;17;61942605;62065282
ENST00000397977;INTS10;8;19817140;19852078
ENST00000398020;PIP4P1;14;20457858;20461465
ENST00000398073;CTDSP2;12;57819927;57846739
ENST00000398129;ADD1;4;2875896;2930076
ENST00000398148;KHSRP;19;6413348;6424794
ENST00000398153;HDDC2;6;125275886;125301975
ENST00000398712;SHARPIN;8;144098637;144104190
ENST00000398733;UBE2D2;5;139561166;139628433
ENST00000398881;TOMM6;6;41787665;41789896
ENST00000398884;TOMM6;6;41787662;41789898
ENST00000399069;LCMT1;16;25111729;25178231
ENST00000399075;C4orf3;4;119296419;119304445
ENST00000399138;ALKBH5;17;18184239;18209954
ENST00000399292;SMIM11A;21;34375500;34389154
ENST00000399312;MRPS6;21;34073523;34143034
ENST00000399423;TINF2;14;24239643;24242663
ENST00000399568;C22orf39;22;19440886;19447692
ENST00000399696;POLR1D;13;27621954;27623452
ENST00000399697;POLR1D;13;27621779;27667415
ENST00000399959;DDX3X;X;41334162;41350274
ENST00000400000;VAPA;18;9914002;9960021
ENST00000400137;FKBP1A;20;1368978;1393162
ENST00000401000;RPRD2;1;150364650;150476566
ENST00000401406;UQCR10;22;29767374;29770027
ENST00000401672;PPP6R2;22;50419442;50444390
ENST00000401695;RPS14;5;150442635;150449696
ENST00000402297;CEBPZOS;2;37196488;37204741
ENST00000402752;RANBP1;22;20117424;20127355
ENST00000403825;IFRD1;7;112450428;112476192
ENST00000404338;ARHGAP35;19;46918676;47005077
ENST00000404674;PSMG3;7;1567351;1570045
ENST00000404735;RPS27A;2;55232678;55235755
ENST00000404739;NT5C2;10;103088017;103174982
ENST00000405303;TAPT1;4;16160505;16226541
ENST00000405442;EIF3D;22;36510899;36528897
ENST00000405489;ATRAID;2;27212370;27217178
ENST00000406022;RPL10;X;154398890;154400909
ENST00000406246;RELA;11;65653596;65663094
ENST00000406452;RMDN1;8;86472350;86508780
ENST00000406520;COMT;22;19951503;19969016
ENST00000407004;ILF3;19;10654328;10685765
ENST00000407025;PPP1R7;2;241149638;241183024
ENST00000407315;THAP4;2;241584405;241637449
ENST00000407627;ELAVL1;19;7958579;8005608
ENST00000407796;AKT1;14;104769349;104795679
ENST00000407969;SETD5;3;9428925;9478154
ENST00000408901;NGDN;14;23469688;23478193
ENST00000408918;CCNL2;1;1392288;1399317
ENST00000409096;CUL3;2;224473922;224569825
ENST00000409115;PTMA;2;231708509;231713541
ENST00000409185;FAM168B;2;131047876;131093428
ENST00000409320;RPL31;2;101002293;101006418
ENST00000409558;VPS54;2;63892146;64019072
ENST00000409600;BZW1;2;200811546;200827338
ENST00000409614;SERF2;15;43792839;43794046
ENST00000409682;PSMD14;2;161308038;161411717
ENST00000409733;RPL31;2;101002293;101006419
ENST00000409784;RAB1A;2;65086855;65130106
ENST00000409785;KCMF1;2;84971093;85059472
ENST00000409906;ELOB;16;2771414;2777297
ENST00000409939;TBC1D10B;16;30357102;30370264
ENST00000410080;PRPF40A;2;152651593;152717981
ENST00000411463;R3HCC1;8;23287929;23296121
ENST00000411529;HNRNPA3;2;177212749;177223958
ENST00000411646;SMIM26;20;18567420;18569563
ENST00000412097;RPL15;3;23917147;23919411
ENST00000412585;HLA-B;6;31353872;31357187
ENST00000412770;PPP6R1;19;55229780;55258995
ENST00000412830;PWP1;12;107685732;107713167
ENST00000413518;ERVK3-1;19;58305319;58315663
ENST00000413699;RPL15;3;23917132;23920989
ENST00000414154;SMIM19;8;42541613;42552980
ENST00000414441;MEPCE;7;100428817;100434117
ENST00000414487;SNRPE;1;203861615;203870550
ENST00000415083;SS18;18;26016253;26090625
ENST00000416614;NOP14;4;2937933;2963385
ENST00000417647;IK;5;140647770;140662478
ENST00000418115;RHOA;3;49359145;49412202
ENST00000418390;ELOA;1;23743155;23762059
ENST00000419235;DUSP22;6;292462;351353
ENST00000419783;GPX1;3;49357171;49358600
ENST00000419869;STRAP;12;15882395;15903478
ENST00000420115;CDV3;3;133574457;133590260
ENST00000420247;SCYL1;11;65525085;65538704
ENST00000420329;CRTC3;15;90529925;90645345
ENST00000420826;SUMO2;17;75165586;75182983
ENST00000421699;GOLGA2;9;128255829;128275989
ENST00000421807;INPP5K;17;1494571;1516888
ENST00000421852;TMEM41A;3;185489601;185499057
ENST00000422424;CIAO2B;16;66932055;66934400
ENST00000422453;CNBP;3;129169484;129183922
ENST00000422514;RPL23A;17;28719393;28724359
ENST00000422840;GLG1;16;74451959;74607094
ENST00000422982;ANXA11;10;80155124;80205572
ENST00000424014;EIF2B1;12;123620406;123633766
ENST00000424358;MMP24OS;20;35277150;35278129
ENST00000424674;SF3B1;2;197393052;197399028
ENST00000425013;RNF216;7;5620047;5781696
ENST00000425280;LDB1;10;102107583;102120453
ENST00000425675;ISOC2;19;55452989;55461569
ENST00000425753;TSTA3;8;143612618;143617566
ENST00000426002;SHISA5;3;48467876;48473208
ENST00000426155;SNX3;6;108211513;108260964
ENST00000426335;ARFGAP2;11;47164299;47177125
ENST00000426431;SP1;12;53380639;53416446
ENST00000426588;DNAJC7;17;41976479;42017151
ENST00000426907;HUWE1;X;53532096;53549505
ENST00000427159;FTSJ3;17;63819433;63827671
ENST00000427569;AARSD1;17;42950546;42964476
ENST00000427718;FBXO21;12;117143781;117190471
ENST00000428154;PMPCB;7;103297435;103312415
ENST00000428304;ABHD4;14;22598237;22613215
ENST00000429029;DNAJB6;7;157336966;157386324
ENST00000429344;CACTIN;19;3610641;3626815
ENST00000429422;MAP4;3;47850690;47909267
ENST00000429715;MYCBP2;13;77044902;77087514
ENST00000430044;GALNT11;7;152025693;152122347
ENST00000430069;TBL1XR1;3;177019355;177196478
ENST00000431388;NDUFAF8;17;81239239;81241281
ENST00000431606;MED19;11;57703714;57712323
ENST00000432126;DELE1;5;141923808;141942047
ENST00000432648;AKIRIN1;1;38991223;39006059
ENST00000432901;PET117;20;18137873;18143169
ENST00000432999;ZBED5;11;10852704;10858073
ENST00000433351;PCYOX1;2;70258137;70281191
ENST00000433473;PPT1;1;40072726;40097252
ENST00000433866;HSBP1;16;83807843;83819737
ENST00000434618;TAPBP;6;33299694;33314387
ENST00000434701;SLC25A28;10;99610522;99620147
ENST00000434724;GSPT1;16;11868128;11915920
ENST00000435041;UBE2J1;6;89326625;89352848
ENST00000435120;MLF2;12;6748004;6752916
ENST00000435319;TOR1AIP1;1;179882696;179920077
ENST00000435844;SMIM26;20;18567347;18569563
ENST00000435983;RPL32;3;12836050;12841545
ENST00000436108;CHID1;11;869767;910831
ENST00000436269;USP34;2;61187550;61204330
ENST00000436473;RPL10;X;154398367;154400811
ENST00000437198;PARN;16;14435701;14630267
ENST00000438607;TMA7;3;48440257;48444208
ENST00000438704;HMGB2;4;173331701;173333672
ENST00000439383;PSMD2;3;184300581;184309048
ENST00000439590;RPL38;17;74203582;74209880
ENST00000439747;MRPL22;5;154941095;154966966
ENST00000439977;HERPUD1;16;56932048;56944863
ENST00000441788;FZR1;19;3506273;3538330
ENST00000441793;BAG6;6;31639028;31641228
ENST00000442744;UBA52;19;18571860;18577550
ENST00000443387;ZNF146;19;36215133;36238774
ENST00000443527;CRY2;11;45847406;45883247
ENST00000444191;HCFC1;X;153947557;153954121
ENST00000445755;CCDC124;19;17933016;17943937
ENST00000445902;VPS52;6;33250272;33271894
ENST00000446197;DCAF11;14;24114780;24125240
ENST00000446419;COMMD7;20;32702703;32743455
ENST00000447182;SDCBP;8;58553216;58582846
ENST00000447368;UBP1;3;33388339;33440010
ENST00000447388;NFYC;1;40691709;40771603
ENST00000447648;TECPR1;7;98214624;98252251
ENST00000447750;GDI1;X;154436920;154443467
ENST00000447998;DCTN4;5;150708440;150759109
ENST00000448276;SMARCD2;17;63832084;63842940
ENST00000448281;TATDN2;3;10248912;10281218
ENST00000448552;CHTF8;16;69118010;69132570
ENST00000448864;RPL35A;3;197950190;197955851
ENST00000448903;AP2A2;11;925881;1012239
ENST00000449098;HNRNPC;14;21210556;21234245
ENST00000449692;C11orf68;11;65916810;65919062
ENST00000450554;U2AF2;19;55654146;55674715
ENST00000450791;GOLGA3;12;132768915;132822311
ENST00000451311;TMSB4X;X;12975108;12977227
ENST00000451315;NOL7;6;13615327;13621205
ENST00000451728;CNBP;3;129169487;129183899
ENST00000452185;POLD2;7;44114785;44123530
ENST00000453744;UBE2D3;4;102794383;102827812
ENST00000454497;OTUD4;4;145133649;145179680
ENST00000455127;MCRIP1;17;81822411;81833268
ENST00000455385;SYPL1;7;106090503;106112331
ENST00000455895;BSDC1;1;32365103;32394448
ENST00000456292;RPL31;2;101002691;101006071
ENST00000456586;RPL37A;2;216499086;216501463
ENST00000456793;OST4;2;27070472;27071773
ENST00000456842;SMIM12;1;34855169;34859755
ENST00000456936;TMED7;5;115613508;115626173
ENST00000457408;TMED4;7;44577894;44582259
ENST00000458013;SNX27;1;151612082;151699074
ENST00000458198;CDKN2AIPNL;5;134402087;134411898
ENST00000458212;AGFG1;2;227536955;227554912
ENST00000458500;RPL10;X;154398378;154400917
ENST00000460006;CDS2;20;5126786;5197887
ENST00000462683;YIPF6;X;68498323;68537285
ENST00000464506;RAB9A;X;13689125;13710506
ENST00000466490;SRPRB;3;133784033;133821492
ENST00000467825;RPL13A;19;49487634;49491843
ENST00000470701;POLR2F;22;37953727;37967801
ENST00000471696;SELENOT;3;150603288;150630435
ENST00000472642;RHEB;7;151466874;151519183
ENST00000472944;BTF3L4;1;52056304;52088418
ENST00000474879;LMF2;22;50502949;50507691
ENST00000476371;MRPS14;1;175012958;175023425
ENST00000476781;MRPL47;3;179588285;179604654
ENST00000479303;GSTK1;7;143263456;143269115
ENST00000479870;TCAF1;7;143851375;143902155
ENST00000480824;C6orf89;6;36885854;36928964
ENST00000481445;COX7B;X;77899438;77907373
ENST00000488034;CUTA;6;33416543;33418122
ENST00000493763;RPL7L1;6;42879635;42889896
ENST00000498926;PGAM5;12;132710819;132722734
ENST00000500728;LRPAP1;4;3503597;3532559
ENST00000501597;RPL41;12;56116590;56117832
ENST00000502346;TMEM167A;5;83052846;83077496
ENST00000502717;HMGXB3;5;150000718;150052823
ENST00000502976;CNBP;3;129169484;129183905
ENST00000503362;SPCS3;4;176319964;176332245
ENST00000503594;CTBP1;4;1211685;1214462
ENST00000503937;SEC31A;4;82818661;82844460
ENST00000505059;MRPL36;5;1798386;1799839
ENST00000505658;LUC7L3;17;50719544;50756213
ENST00000507110;MRPS30;5;44808925;44815522
ENST00000507721;HNRNPDL;4;82424625;82429397
ENST00000508493;RPL37;5;40833879;40835212
ENST00000509889;COPG1;3;129265752;129277457
ENST00000510019;RPS23;5;82275421;82278396
ENST00000512493;RPS23;5;82275244;82278351
ENST00000512737;NME2;17;51166278;51171747
ENST00000513761;CLCN3;4;169620521;169723673
ENST00000514251;ZBTB38;3;141387812;141449792
ENST00000517625;SKP1;5;134157508;134176719
ENST00000518406;UQCRB;8;96230942;96235539
ENST00000519004;PABPC1;8;100703099;100722087
ENST00000519374;ATP6V0E1;5;172983757;173035445
ENST00000519449;RNF19A;8;100257060;100303259
ENST00000519948;ATXN7L3B;12;74537827;74545430
ENST00000520738;CCAR2;8;22614388;22620468
ENST00000521216;SKP1;5;134157392;134176920
ENST00000521466;RPS14;5;150444233;150448913
ENST00000522275;PCM1;8;17972583;18027747
ENST00000524496;RPL27A;11;8682789;8685847
ENST00000524896;EIF3M;11;32583834;32602823
ENST00000524958;C11orf98;11;62662816;62665217
ENST00000525085;NDUFC2;11;78069858;78079819
ENST00000525634;RPS13;11;17074389;17077787
ENST00000525681;EIF4G2;11;10797053;10807462
ENST00000526049;SELENOS;15;101272182;101277446
ENST00000526821;ATPAF1;1;46635079;46665372
ENST00000527273;RPS3;11;75399542;75404109
ENST00000527548;FAU;11;65120631;65122113
ENST00000527673;RPS25;11;119015712;119018690
ENST00000527696;RIC8A;11;209069;215113
ENST00000527958;PAFAH1B2;11;117144267;117171048
ENST00000528164;NDUFC2;11;78072864;78079861
ENST00000528838;HSF1;8;144291598;144314722
ENST00000528896;KIAA0100;17;28614440;28645131
ENST00000529006;KDM2A;11;67119687;67258087
ENST00000529230;CKAP5;11;46743048;46846229
ENST00000529639;FAU;11;65120628;65122473
ENST00000530022;RPL27A;11;8682810;8685848
ENST00000530028;EID1;15;48877886;48880183
ENST00000530705;TPT1;13;45333471;45341370
ENST00000530758;BRK1;3;10115592;10127190
ENST00000532317;PICALM;11;85957684;86069059
ENST00000532359;RPL27A;11;8682792;8685848
ENST00000533397;RPL8;8;144789809;144792153
ENST00000533498;RPL38;17;74203704;74209896
ENST00000533683;SAMD1;19;14087840;14090708
ENST00000534182;ARCN1;11;118572436;118603033
ENST00000534355;SELENOH;11;57741353;57743038
ENST00000537328;TMEM258;11;61788963;61792610
ENST00000538446;CDK2AP1;12;123261003;123269239
ENST00000538610;PSMA5;1;109402013;109426132
ENST00000539616;MNAT1;14;60734776;60968678
ENST00000539854;TRMT112;11;64316696;64317553
ENST00000541152;SEPT9;17;77450737;77500594
ENST00000542074;SDHAF2;11;61430105;61446697
ENST00000542724;TMBIM4;12;66137920;66169999
ENST00000544079;CCT4;2;61868125;61888671
ENST00000544216;LSM14A;19;34172566;34229515
ENST00000544619;CAND1;12;67298972;67314608
ENST00000544848;H2AFJ;12;14774383;14775026
ENST00000546392;NACA;12;56712504;56725354
ENST00000546443;CALCOCO1;12;53711119;53714629
ENST00000546463;PCBP2;12;53452325;53479683
ENST00000546500;HNRNPA1;12;54280193;54287087
ENST00000546591;RPL41;12;56116586;56117943
ENST00000546939;CD63;12;55725470;55727900
ENST00000546954;TRIAP1;12;120443961;120446412
ENST00000548044;NAP1L1;12;76049589;76084666
ENST00000548249;DCTN2;12;57530102;57547331
ENST00000549273;RPL18;19;48615366;48619177
ENST00000550920;NACA;12;56712428;56719600
ENST00000552039;RNASEK;17;7012632;7014532
ENST00000552819;PCBP2;12;53454734;53479824
ENST00000552981;SLC25A3;12;98593660;98601708
ENST00000553110;RPL36A;X;101390983;101395795
ENST00000554203;C14orf119;14;23095525;23098271
ENST00000554455;HNRNPC;14;21210550;21269425
ENST00000554546;NUMB;14;73275107;73458617
ENST00000554659;VTI1B;14;67647075;67674831
ENST00000554882;HECTD1;14;31100112;31127868
ENST00000555619;NPC2;14;74479933;74493512
ENST00000556603;ITPK1;14;92939753;93115871
ENST00000557016;ERH;14;69380123;69398627
ENST00000557342;SLIRP;14;77708071;77717598
ENST00000558720;SRP14;15;40036042;40039050
ENST00000558813;DUT;15;48331405;48342293
ENST00000558815;RPL28;19;55385932;55391803
ENST00000559463;RPL28;19;55385961;55388373
ENST00000559471;SECISBP2L;15;48988638;49046563
ENST00000559511;SPG11;15;44562697;44584527
ENST00000559844;SNX1;15;64096000;64138006
ENST00000560793;CERS2;1;150965173;150967725
ENST00000561277;TSPAN3;15;77046060;77071122
ENST00000563390;RPS15A;16;18782956;18790383
ENST00000566397;RNPS1;16;2253126;2264331
ENST00000566423;ARPP19;15;52547045;52569239
ENST00000567212;UBFD1;16;23557721;23574387
ENST00000567815;RPL13;16;89560681;89563080
ENST00000568956;ZNF865;19;55605405;55617269
ENST00000569436;NUTF2;16;67847161;67871323
ENST00000569438;RPL4;15;66501785;66504845
ENST00000569956;CDIPT;16;29858385;29863205
ENST00000572195;OVCA2;17;2041936;2043430
ENST00000573928;GABARAP;17;7241271;7242447
ENST00000574431;STX8;17;9250487;9575837
ENST00000574876;PELP1;17;4671385;4704129
ENST00000574924;ANAPC11;17;81891732;81900356
ENST00000575354;CIC;19;42284665;42295797
ENST00000577035;GABARAP;17;7240408;7241819
ENST00000577407;RPL23;17;38850114;38853737
ENST00000577454;MSL1;17;40122573;40130293
ENST00000577640;UBB;17;16380931;16382526
ENST00000579690;YTHDC1;4;68313324;68349753
ENST00000579978;ANAPC11;17;81891720;81900252
ENST00000579991;DYNLL2;17;58083415;58095536
ENST00000581396;TOM1L2;17;17843511;17972410
ENST00000582730;SRSF1;17;58003360;58007261
ENST00000584577;RPL38;17;74203693;74209878
ENST00000585331;PSMG2;18;12658738;12725740
ENST00000585374;LONP1;19;5691835;5720146
ENST00000585746;TBCB;19;36115838;36125945
ENST00000586040;SMAD2;18;47841225;47896811
ENST00000586534;RAD23A;19;12945888;12953642
ENST00000586895;UBL5;19;9827892;9830114
ENST00000588234;C19orf53;19;13774168;13778461
ENST00000588301;SNRPD2;19;45687463;45692316
ENST00000588815;CAPNS1;19;36140127;36150352
ENST00000588991;GPI;19;34364793;34400245
ENST00000589123;NFIC;19;3359563;3469217
ENST00000590253;G6PC3;17;44074734;44076344
ENST00000590954;TXNL1;18;56602822;56651128
ENST00000591416;MBD1;18;50268846;50281769
ENST00000591776;EIF1;17;41688887;41691212
ENST00000591899;UQCR11;19;1597172;1605490
ENST00000591938;PPP1R12C;19;55090914;55094796
ENST00000592737;NCLN;19;3203797;3209575
ENST00000592993;PPP1R12C;19;55091416;55117413
ENST00000593256;TMEM205;19;11342776;11346300
ENST00000593863;RPS19;19;41860446;41871416
ENST00000594496;KHSRP;19;6414457;6415684
ENST00000595753;SLC35E1;19;16549831;16572382
ENST00000596358;NOSIP;19;49555711;49580572
ENST00000596731;WDR83OS;19;12668071;12669489
ENST00000597451;UBA52;19;18573265;18575241
ENST00000598732;WDR83OS;19;12668145;12669401
ENST00000598742;RPS19;19;41859918;41872926
ENST00000600659;RPS28;19;8321500;8323340
ENST00000600880;RPL37A;2;216498850;216529454
ENST00000601048;SELENOW;19;47778572;47784681
ENST00000602318;LAMTOR5;1;110401253;110407708
ENST00000602402;DNAJC3;13;95677139;95794989
ENST00000602845;NCBP2-AS2;3;196942623;196943540
ENST00000602866;PSMC3;11;47418769;47426266
ENST00000605895;RER1;1;2391833;2405444
ENST00000605997;NDUFB1;14;92116125;92121727
ENST00000608424;WDR6;3;49007393;49015953
ENST00000608872;FBXW2;9;120756974;120793412
